번호,접수번호,채취장소,의뢰자,검체유형,시료명,접수일,항목수,벤젠,톨루엔,일산화탄소,암모니아,황화수소,이황화탄소,불소화합물,염화수소,황산화물,질소산화물,포름알데히드,시안화수소,페놀화합물,수은화합물,먼지,카드뮴화합물,납화합물,크롬화합물,구리화합물,니켈및그화합물,아연화합물,매연,총탄화수소,비소화합물,유류 중 황함유량,스틸렌,에틸벤젠,철화합물,트리클로로에틸렌,아크릴로니트릴,"1,2-Dichlorethane",클로로포름,테트라클로로에틸렌,Carbon tetrachloride,Rn,PM-10,PM-2.5,CO2,Formaldehyde,세균
1,2792400001-01,경기 포천시 가산면 마정로256번길 32 측정공,포천시장,대기및악취/지도점검/대 기,(주)거성금속,01월 03일,05월 05일,,,,,,,,,,0,,,,,1.27,불검출,불검출,,,,,,,,,,,,,,,,,,,,,,,
2,2792400001-02,경기 포천시 자작동 587-19 측정공,포천시장,대기및악취/지도점검/대 기,(주)명성기업2공장,01월 03일,05월 05일,,,,,,,,,,0,,,,,5.13,불검출,불검출,,,,,,,,,,,,,,,,,,,,,,,
3,2792400002-01,경기 포천시 가산면 마현3길 81 배출시설 측정공,포천시장,대기및악취/지도점검/대 기,선진모빌랙,01월 05일,05월 05일,,,,,,,,,,불검출,,,,,2,불검출,불검출,,,,,,,,,,,,,,,,,,,,,,,
4,2792400003-01,경기 포천시 호국로 1106 (자작동),포천시장,대기및악취/지도점검/대 기,그린자동차공업사,01월 11일,05월 05일,,,,,,,,,,,,,,,,,,,,,,,,,,,,,,,,,,,,,,,,
5,2792400003-02,,포천시장,대기및악취/지도점검/대 기,그린자동차공업사,01월 11일,05월 05일,,,,,,,,,,,,,,,,,,,,,,,,,,,,,,,,,,,,,,,,
6,2792400003-03,,포천시장,대기및악취/지도점검/대 기,그린자동차공업사,01월 11일,05월 05일,,,,,,,,,,,,,,,,,,,,,,,,,,,,,,,,,,,,,,,,
7,2792400004-01,경기 양주시 장흥면 권율로 400 장흥참숯가마 측정공,양주시장,대기및악취/지도점검/대 기,장흥참숯가마-1호기,01월 15일,01월 01일,,,,,,,,,,,0.016,,,,,,,,,,,,,,,,,,,,,,,,,,,,,
8,2792400005-01,경기 포천시 신북면 신평로72번길 33 ,광역환경관리사업소장,대기및악취/개선완료/대 기,동우섬유(주),01월 16일,02월 02일,,,,,,,,0.5,,,,,,,,,,,,,,,,,,,,,,,,,,,,,,,,
9,2792400006-01,경기 남양주시 진건읍 독정로솔숲길 23-15 (주)서광인쇄-1호기 측정공,남양주시장,대기및악취/개선완료/대 기,(주)서광인쇄-1호기,01월 17일,01월 01일,,,,,,,,,,,,,,,,,,,,,,,1.42,,,,,,,,,,,,,,,,,
10,2792400006-02,경기 남양주시 진건읍 독정로솔숲길 23-15 (주)서광인쇄-3호기 측정공,남양주시장,대기및악취/개선완료/대 기,(주)서광인쇄-3호기,01월 17일,01월 01일,,,,,,,,,,,,,,,,,,,,,,,1.45,,,,,,,,,,,,,,,,,
11,2792400007-01,경기 양주시 백석읍 권율로847번길 7-11 배출시설 측정공,양주시장,대기및악취/지도점검/대 기,토담,01월 25일,01월 01일,불검출,,,,,,,,,,,,,,,,,,,,,,,,,,,,,,,,,,,,,,,
12,2792400008-01,경기 양주시 화합로1325번길 333 (덕정동),양주시장,대기및악취/지도점검/대 기,천일페인트,01월 30일,03월 03일,,,,,,,,,,,,,,,1,,,,,,,,184.9,,,,,,,,,,,,,,,,,
13,2792400008-02,경기 양주시 화합로1325번길 333 (덕정동),양주시장,대기및악취/지도점검/대 기,천일페인트,01월 30일,03월 03일,,,,,,,,,,,,,,,1.3,,,,,,,,97.4,,,,,,,,,,,,,,,,,
14,2792400009-01,경기 양주시 화합로1325번길 333 측정공,양주시장,대기및악취/지도점검/대 기,천일페인트,02월 01일,03월 03일,,,,,,,,,,,,,,,0.25,,,,,,,,68.77,,,,,,,,,,,,,,,,,
15,2792400009-02,경기 양주시 화합로1325번길 333 측정공,양주시장,대기및악취/지도점검/대 기,천일페인트,02월 01일,03월 03일,,,,,,,,,,,,,,,0.77,,,,,,,,14.95,,,,,,,,,,,,,,,,,
16,2792400011-01,경기 파주시 탄현면 소리개길 137 (주)DK케미컬,파주시장,대기및악취/지도점검/대 기,(주)DK케미컬,02월 05일,03월 03일,,,,,,,,,,,,,,,3.19,,,,,,,,,0.003,,,,,,,,,,,,,,,,
17,2792400012-01,경기 남양주시 오남읍 진건오남로 지하 929 ,남양주시장,실내공기질/실내공기질/다중이용시설,대합실,02월 06일,03월 03일,,,,,,,,,,,,,,,,,,,,,,,,,,,,,,,,,,,,,,,,
18,2792400012-02,경기 남양주시 오남읍 진건오남로 지하 929 ,남양주시장,실내공기질/실내공기질/다중이용시설,승강장,02월 06일,03월 03일,,,,,,,,,,,,,,,,,,,,,,,,,,,,,,,,,,,,,,,,
19,2792400013-01,경기 남양주시 별내3로 지하 345 (별내동),남양주시장,실내공기질/실내공기질/다중이용시설,승강장,02월 06일,03월 03일,,,,,,,,,,,,,,,,,,,,,,,,,,,,,,,,,,,,,,,,
20,2792400013-02,경기 남양주시 별내3로 지하 345 (별내동),남양주시장,실내공기질/실내공기질/다중이용시설,대합실,02월 06일,03월 03일,,,,,,,,,,,,,,,,,,,,,,,,,,,,,,,,,,,,,,,,
21,2792400014-01,경기 남양주시 진접읍 경복대로 지하 244 ,남양주시장,실내공기질/실내공기질/다중이용시설,대합실,02월 06일,03월 03일,,,,,,,,,,,,,,,,,,,,,,,,,,,,,,,,,,,,,,,,
22,2792400014-02,경기 남양주시 진접읍 경복대로 지하 244 ,남양주시장,실내공기질/실내공기질/다중이용시설,승강장,02월 06일,03월 03일,,,,,,,,,,,,,,,,,,,,,,,,,,,,,,,,,,,,,,,,
23,2792400015-01,경기 남양주시 수동면 외방로135번길 12-30 ,남양주시장,실내공기질/실내공기질/가,가동 202호,02월 13일,02월 02일,,,,,,,,,,,,,,,,,,,,,,,,,,,,,,,,,,,,37.8,21.4,,,
24,2792400015-02,경기 남양주시 수동면 외방로135번길 12-30 ,남양주시장,실내공기질/실내공기질/가,가동 203호,02월 13일,02월 02일,,,,,,,,,,,,,,,,,,,,,,,,,,,,,,,,,,,,32.1,25.3,,,
25,2792400016-01,경기 남양주시 수동면 지둔로 15 ,남양주시장,실내공기질/실내공기질/나,1층 로비,02월 13일,05월 05일,,,,,,,,,,,,,,,,,,,,,,,,,,,,,,,,,,,,27.7,24.3,733,14.6,107
26,2792400016-02,경기 남양주시 수동면 지둔로 15 ,남양주시장,실내공기질/실내공기질/나,3층 거실,02월 13일,05월 05일,,,,,,,,,,,,,,,,,,,,,,,,,,,,,,,,,,,,25,10.9,1046,16.6,212
27,2792400017-01,경기 남양주시 진접읍 주곡로 113 ,남양주시장,실내공기질/실내공기질/나,로비,02월 14일,05월 05일,,,,,,,,,,,,,,,,,,,,,,,,,,,,,,,,,,,,13.4,4.5,846,25.4,187
28,2792400017-02,경기 남양주시 진접읍 주곡로 113 ,남양주시장,실내공기질/실내공기질/나,토성2반,02월 14일,05월 05일,,,,,,,,,,,,,,,,,,,,,,,,,,,,,,,,,,,,11.9,3.9,952,20.5,260
29,2792400018-01,경기 남양주시 오남읍 진건오남로550번길 30-7 ,남양주시장,실내공기질/실내공기질/나,1층 사랑의교실,02월 15일,05월 05일,,,,,,,,,,,,,,,,,,,,,,,,,,,,,,,,,,,,16.1,5.4,500,12.4,417
30,2792400018-02,경기 남양주시 오남읍 진건오남로550번길 30-7 ,남양주시장,실내공기질/실내공기질/나,2층 피아노실,02월 15일,05월 05일,,,,,,,,,,,,,,,,,,,,,,,,,,,,,,,,,,,,10.3,7.4,623,18.3,305
31,2792400019-01,경기 남양주시 오남읍 진건오남로690번길 41 ,남양주시장,실내공기질/실내공기질/나,1층 로비,02월 15일,05월 05일,,,,,,,,,,,,,,,,,,,,,,,,,,,,,,,,,,,,8.6,6.6,344,9.1,244
32,2792400019-02,경기 남양주시 오남읍 진건오남로690번길 41 ,남양주시장,실내공기질/실내공기질/나,3층 복도,02월 15일,05월 05일,,,,,,,,,,,,,,,,,,,,,,,,,,,,,,,,,,,,20.9,12.1,594,11,603
33,2792400023-01,경기 구리시 갈매순환로 28 (갈매동),구리시장,실내공기질/실내공기질/나,창의반,02월 19일,05월 05일,,,,,,,,,,,,,,,,,,,,,,,,,,,,,,,,,,,,30.3,11.9,1059,7,348
34,2792400023-02,경기 구리시 갈매순환로 28 (갈매동),구리시장,실내공기질/실내공기질/나,맑은반,02월 19일,05월 05일,,,,,,,,,,,,,,,,,,,,,,,,,,,,,,,,,,,,25.6,15.6,446,11.2,1213
35,2792400024-01,경기 구리시 갈매중앙로 80 (갈매동) 1층,구리시장,실내공기질/실내공기질/나,유희실,02월 19일,05월 05일,,,,,,,,,,,,,,,,,,,,,,,,,,,,,,,,,,,,14.8,7.9,637,13.4,324
36,2792400024-02,경기 구리시 갈매중앙로 80 (갈매동) 1층,구리시장,실내공기질/실내공기질/나,찬솔반,02월 19일,05월 05일,,,,,,,,,,,,,,,,,,,,,,,,,,,,,,,,,,,,14.6,6.9,581,8.5,195
37,2792400025-01,경기 구리시 동구릉로 65 (인창동),구리시장,실내공기질/실내공기질/나,1층 입구(로비),02월 21일,05월 05일,,,,,,,,,,,,,,,,,,,,,,,,,,,,,,,,,,,,10,2.5,547,2.8,343
38,2792400025-02,경기 구리시 동구릉로 65 (인창동),구리시장,실내공기질/실내공기질/나,남 탈의실,02월 21일,05월 05일,,,,,,,,,,,,,,,,,,,,,,,,,,,,,,,,,,,,14.8,7.5,846,11.7,177
39,2792400026-01,경기 구리시 동구릉로459번길 211 (갈매동),구리시장,실내공기질/실내공기질/나,2층 복도 앞,02월 21일,05월 05일,,,,,,,,,,,,,,,,,,,,,,,,,,,,,,,,,,,,13.3,4.6,704,5.7,267
40,2792400026-02,경기 구리시 동구릉로459번길 211 (갈매동),구리시장,실내공기질/실내공기질/나,3층 복도 앞,02월 21일,05월 05일,,,,,,,,,,,,,,,,,,,,,,,,,,,,,,,,,,,,15.6,6.2,820,9.7,205
41,2792400027-01,경기 고양시 덕양구 화랑로 1-1 (화전동),고양시장,실내공기질/실내공기질/나,1F 여울꿈터반,02월 26일,05월 05일,,,,,,,,,,,,,,,,,,,,,,,,,,,,,,,,,,,,15.8,6.3,598,11.6,119
42,2792400027-02,경기 고양시 덕양구 화랑로 1-1 (화전동),고양시장,실내공기질/실내공기질/나,2F 유희실,02월 26일,05월 05일,,,,,,,,,,,,,,,,,,,,,,,,,,,,,,,,,,,,10.2,5.9,808,6,116
43,2792400028-01,경기 고양시 덕양구 용두로47번안길 5-19 (용두동),고양시장,실내공기질/실내공기질/나,1F 로비,02월 26일,05월 05일,,,,,,,,,,,,,,,,,,,,,,,,,,,,,,,,,,,,22.8,18.3,645,13,255
44,2792400028-02,경기 고양시 덕양구 용두로47번안길 5-19 (용두동),고양시장,실내공기질/실내공기질/나,4F 로비,02월 26일,05월 05일,,,,,,,,,,,,,,,,,,,,,,,,,,,,,,,,,,,,41.8,30.9,816,23.4,65
45,2792400029-01,경기 구리시 갈매동 545 ,구리시장,실내공기질/실내공기질/신축공동주택,201호,02월 20일,08월 08일,불검출,214.5,,,,,,,,,,,,,,,,,,,,,,,,,6.5,,,,,,,,,,,,11.1,
46,2792400029-02,경기 구리시 갈매동 545 ,구리시장,실내공기질/실내공기질/신축공동주택,226호,02월 20일,08월 08일,불검출,521.3,,,,,,,,,,,,,,,,,,,,,,,,,24.9,,,,,,,,,,,,16,
47,2792400029-03,경기 구리시 갈매동 545 ,구리시장,실내공기질/실내공기질/신축공동주택,602호,02월 20일,08월 08일,불검출,197.4,,,,,,,,,,,,,,,,,,,,,,,,,18.2,,,,,,,,,,,,11.6,
48,2792400029-04,경기 구리시 갈매동 545 ,구리시장,실내공기질/실내공기질/신축공동주택,626호,02월 20일,08월 08일,불검출,446.3,,,,,,,,,,,,,,,,,,,,,,,,,23.2,,,,,,,,,,,,14.8,
49,2792400029-05,경기 구리시 갈매동 545 ,구리시장,실내공기질/실내공기질/신축공동주택,638호,02월 20일,08월 08일,불검출,207.2,,,,,,,,,,,,,,,,,,,,,,,,,7.7,,,,,,,,,,,,11.8,
50,2792400029-06,경기 구리시 갈매동 545 ,구리시장,실내공기질/실내공기질/신축공동주택,936호,02월 20일,08월 08일,불검출,360,,,,,,,,,,,,,,,,,,,,,,,,,27.5,,,,,,,,,,,,15.5,
51,2792400029-07,경기 구리시 갈매동 545 ,구리시장,실내공기질/실내공기질/신축공동주택,954호,02월 20일,08월 08일,불검출,571.1,,,,,,,,,,,,,,,,,,,,,,,,,37.8,,,,,,,,,,,,22.5,
52,2792400030-01,,포천시장,대기및악취/지도점검/대 기,2015-02-01,02월 23일,02월 02일,,,,,,,,,,,,,,,0.51,,,,,,,,,,,,,,,,,,,,,,,,,
53,2792400030-02,,포천시장,대기및악취/지도점검/대 기,2015-02-02,02월 23일,02월 02일,,,,,,,,,,,,,,,0.47,,,,,,,,,,,,,,,,,,,,,,,,,
54,2792400031-01,경기 고양시 덕양구 토당로67번길 2 (토당동),고양시장,실내공기질/실내공기질/나,1층 로비,02월 27일,05월 05일,,,,,,,,,,,,,,,,,,,,,,,,,,,,,,,,,,,,45.4,8.2,415,2.7,92
55,2792400031-02,경기 고양시 덕양구 토당로67번길 2 (토당동),고양시장,실내공기질/실내공기질/나,2층 복도,02월 27일,05월 05일,,,,,,,,,,,,,,,,,,,,,,,,,,,,,,,,,,,,53.2,21.6,599,6,426
56,2792400032-01,경기 고양시 덕양구 지도로 100 (토당동),고양시장,실내공기질/실내공기질/나,1층 원무과,02월 27일,05월 05일,,,,,,,,,,,,,,,,,,,,,,,,,,,,,,,,,,,,16.6,8.5,651,13.6,101
57,2792400032-02,경기 고양시 덕양구 지도로 100 (토당동),고양시장,실내공기질/실내공기질/나,5층 병동,02월 27일,05월 05일,,,,,,,,,,,,,,,,,,,,,,,,,,,,,,,,,,,,37.5,19,677,11.5,163
58,2792400033-01,경기 고양시 덕양구 행주로 108-1 (강매동),고양시장,실내공기질/실내공기질/나,1F 해반,02월 28일,05월 05일,,,,,,,,,,,,,,,,,,,,,,,,,,,,,,,,,,,,25.2,12.6,410,5.7,115
59,2792400033-02,경기 고양시 덕양구 행주로 108-1 (강매동),고양시장,실내공기질/실내공기질/나,2F 유희실,02월 28일,05월 05일,,,,,,,,,,,,,,,,,,,,,,,,,,,,,,,,,,,,18.1,10.5,467,4.2,106
60,2792400034-01,경기 고양시 덕양구 행주산성로 177 (행주외동),고양시장,실내공기질/실내공기질/나,1F 로비,02월 28일,05월 05일,,,,,,,,,,,,,,,,,,,,,,,,,,,,,,,,,,,,15.3,11.5,679,11.3,149
61,2792400034-02,경기 고양시 덕양구 행주산성로 177 (행주외동),고양시장,실내공기질/실내공기질/나,2F 로비,02월 28일,05월 05일,,,,,,,,,,,,,,,,,,,,,,,,,,,,,,,,,,,,26.6,5.9,637,13.6,62
62,2792400035-01,,포천시장,대기및악취/지도점검/대 기,2015-02-03,02월 28일,02월 02일,,,,,,,,,,,,,,,0.23,,,,,,,,,,,,,,,,,,,,,,,,,
63,2792400035-02,,포천시장,대기및악취/지도점검/대 기,2015-02-04,02월 28일,02월 02일,,,,,,,,,,,,,,,7.81,,,,,,,,,,,,,,,,,,,,,,,,,
64,2792400035-03,,포천시장,대기및악취/지도점검/대 기,2015-02-05,02월 28일,02월 02일,,,,,,,,,,,,,,,0.23,,,,,,,,,,,,,,,,,,,,,,,,,
65,2792400036-01,,포천시장,대기및악취/지도점검/대 기,2015-02-06,02월 28일,02월 02일,,,,,,,,,,,,,,,0.22,,,,,,,,,,,,,,,,,,,,,,,,,
66,2792400036-02,,포천시장,대기및악취/지도점검/대 기,2015-02-07,02월 28일,02월 02일,,,,,,,,,,,,,,,0.24,,,,,,,,,,,,,,,,,,,,,,,,,
67,2792400036-03,,포천시장,대기및악취/지도점검/대 기,2015-02-08,02월 28일,02월 02일,,,,,,,,,,,,,,,0.46,,,,,,,,,,,,,,,,,,,,,,,,,
68,2792400038-01,경기 파주시 적성면 적성산단1로 39-13 측정공,기후환경관리과장,대기및악취/지도점검/대 기,1호기,02월 28일,05월 05일,,,,,,,,,0,2,,,,,4.1,,,,,0.003,,,,,,,,,,,,,,,,,,,,
69,2792400039-01,경기 포천시 영북면 산정호수로 344 ,포천시장,실내공기질/실내공기질/나,1층 복도,03월 04일,01월 01일,,,,,,,,,,,,,,,,,,,,,,,,,,,,,,,,,,,,,,,,371
70,2792400039-02,경기 포천시 영북면 산정호수로 344 ,포천시장,실내공기질/실내공기질/나,2층 복도,03월 04일,01월 01일,,,,,,,,,,,,,,,,,,,,,,,,,,,,,,,,,,,,,,,,325
71,2792400040-01,경기 양주시 장흥면 가마골로 246-54 ,양주시장,실내공기질/실내공기질/나,1층 로비,03월 04일,05월 05일,,,,,,,,,,,,,,,,,,,,,,,,,,,,,,,,,,,,20.4,7.9,582,10.7,334
72,2792400040-02,경기 양주시 장흥면 가마골로 246-54 ,양주시장,실내공기질/실내공기질/나,2층 204호,03월 04일,05월 05일,,,,,,,,,,,,,,,,,,,,,,,,,,,,,,,,,,,,10.3,3.8,518,7.3,233
73,2792400041-01,경기 양주시 장흥면 호국로 95-12 ,양주시장,실내공기질/실내공기질/나,1F 로비,03월 05일,05월 05일,,,,,,,,,,,,,,,,,,,,,,,,,,,,,,,,,,,,33.5,6,884,13.5,63
74,2792400041-02,경기 양주시 장흥면 호국로 95-12 ,양주시장,실내공기질/실내공기질/나,5F 거실,03월 05일,05월 05일,,,,,,,,,,,,,,,,,,,,,,,,,,,,,,,,,,,,16.6,10.2,735,5,147
75,2792400042-01,경기 양주시 장흥면 호국로 95-14 ,양주시장,실내공기질/실내공기질/나,1F로비,03월 05일,05월 05일,,,,,,,,,,,,,,,,,,,,,,,,,,,,,,,,,,,,13.7,5.3,730,9.5,145
76,2792400042-02,경기 양주시 장흥면 호국로 95-14 ,양주시장,실내공기질/실내공기질/나,5F생활실,03월 05일,05월 05일,,,,,,,,,,,,,,,,,,,,,,,,,,,,,,,,,,,,25.7,15.5,446,10.8,105
77,2792400043-01,,포천시장,대기및악취/지도점검/대 기,2015-02-09,03월 06일,02월 02일,,,,,,,,,,,,,,,0.44,,,,,,,,,,,,,,,,,,,,,,,,,
78,2792400044-01,경기 양주시 부흥로1907번길 117 (광사동),양주시장,실내공기질/실내공기질/나,1F 하예반,03월 06일,05월 05일,,,,,,,,,,,,,,,,,,,,,,,,,,,,,,,,,,,,10.6,6.5,788,5.2,458
79,2792400044-02,경기 양주시 부흥로1907번길 117 (광사동),양주시장,실내공기질/실내공기질/나,2F 복도,03월 06일,05월 05일,,,,,,,,,,,,,,,,,,,,,,,,,,,,,,,,,,,,16,6.5,597,5.1,302
80,2792400045-01,경기 양주시 만송로 417-17 (만송동),양주시장,실내공기질/실내공기질/나,1F 현관,03월 06일,05월 05일,,,,,,,,,,,,,,,,,,,,,,,,,,,,,,,,,,,,16.9,4.4,714,7.1,236
81,2792400045-02,경기 양주시 만송로 417-17 (만송동),양주시장,실내공기질/실내공기질/나,2F 연장반,03월 06일,05월 05일,,,,,,,,,,,,,,,,,,,,,,,,,,,,,,,,,,,,10.9,6.3,525,7.4,129
82,2792400046-01,,포천시장,대기및악취/지도점검/대 기,2015-03-01,03월 07일,02월 02일,,,,,,,,,,,,,,,0.44,,,,,,,,,,,,,,,,,,,,,,,,,
83,2792400047-01,경기 남양주시 화도읍 수레로964번길 86 ,남양주시장,대기및악취/자체개선/대 기,(주)21그램그룹,03월 05일,06월 06일,,,463.9,4.4,,,,,1.1,131.7,,,,,2.1,,,,,,,,,,,,,,,,,,,,,,,,,
84,2792400048-01,,포천시장,대기및악취/지도점검/대 기,2015-03-02,03월 08일,02월 02일,,,,,,,,,,,,,,,3.83,,,,,,,,,,,,,,,,,,,,,,,,,
85,2792400049-01,경기 양주시 덕정9길 30 (덕정동),양주시장,실내공기질/실내공기질/나,1층 새싹반,03월 07일,05월 05일,,,,,,,,,,,,,,,,,,,,,,,,,,,,,,,,,,,,35.3,11.7,630,15,537
86,2792400049-02,경기 양주시 덕정9길 30 (덕정동),양주시장,실내공기질/실내공기질/나,2층 푸른반,03월 07일,05월 05일,,,,,,,,,,,,,,,,,,,,,,,,,,,,,,,,,,,,23.5,11.8,686,9.6,356
87,2792400050-01,경기 양주시 평화로1435번길 56 (덕계동),양주시장,실내공기질/실내공기질/나,1층 로비,03월 11일,05월 05일,,,,,,,,,,,,,,,,,,,,,,,,,,,,,,,,,,,,19.7,6.7,430,8,607
88,2792400050-02,경기 양주시 평화로1435번길 56 (덕계동),양주시장,실내공기질/실내공기질/나,2층 유희실,03월 11일,05월 05일,,,,,,,,,,,,,,,,,,,,,,,,,,,,,,,,,,,,12.2,5.7,848,10.8,569
89,2792400051-01,경기 양주시 평화로 1699 (회정동),양주시장,실내공기질/실내공기질/나,1층 현관,03월 11일,05월 05일,,,,,,,,,,,,,,,,,,,,,,,,,,,,,,,,,,,,22.3,9.2,481,5.6,179
90,2792400051-02,경기 양주시 평화로 1699 (회정동),양주시장,실내공기질/실내공기질/나,1층 유희실,03월 11일,05월 05일,,,,,,,,,,,,,,,,,,,,,,,,,,,,,,,,,,,,15.2,7.7,704,6.7,158
91,2792400052-01,경기 양주시 화합로1597번길 40 (회암동),양주시장,실내공기질/실내공기질/나,1층 캠브리지반,03월 11일,05월 05일,,,,,,,,,,,,,,,,,,,,,,,,,,,,,,,,,,,,14.8,9,478,5.6,280
92,2792400052-02,경기 양주시 화합로1597번길 40 (회암동),양주시장,실내공기질/실내공기질/나,3층 특강반,03월 11일,05월 05일,,,,,,,,,,,,,,,,,,,,,,,,,,,,,,,,,,,,24.6,5.9,991,10.2,345
93,2792400053-01,경기 의정부시 금오로23번길 22-49 (금오동),의정부시장,실내공기질/실내공기질/나,1층 도담반,03월 11일,05월 05일,,,,,,,,,,,,,,,,,,,,,,,,,,,,,,,,,,,,9.7,5.7,679,6.7,403
94,2792400053-02,경기 의정부시 금오로23번길 22-49 (금오동),의정부시장,실내공기질/실내공기질/나,3층 도담뜰,03월 11일,05월 05일,,,,,,,,,,,,,,,,,,,,,,,,,,,,,,,,,,,,8.7,5.9,951,9.3,193
95,2792400054-01,,포천시장,대기및악취/지도점검/대 기,2015-03-03,03월 07일,02월 02일,,,,,,,,,,,,,,,4.15,,,,,,,,,,,,,,,,,,,,,,,,,
96,2792400054-02,,포천시장,대기및악취/지도점검/대 기,2015-03-04,03월 07일,02월 02일,,,,,,,,,,,,,,,3.51,,,,,,,,,,,,,,,,,,,,,,,,,
97,2792400054-03,,포천시장,대기및악취/지도점검/대 기,2015-03-05,03월 07일,02월 02일,,,,,,,,,,,,,,,2.46,,,,,,,,,,,,,,,,,,,,,,,,,
98,2792400055-01,,포천시장,대기및악취/지도점검/대 기,2015-03-06,03월 11일,02월 02일,,,,,,,,,,,,,,,2.51,,,,,,,,,,,,,,,,,,,,,,,,,
99,2792400056-01,경기 양주시 백석읍 꿈나무로 193 ,양주시장,실내공기질/실내공기질/나,1층 유희실,03월 13일,05월 05일,,,,,,,,,,,,,,,,,,,,,,,,,,,,,,,,,,,,25.3,20.9,705,6.6,134
100,2792400056-02,경기 양주시 백석읍 꿈나무로 193 ,양주시장,실내공기질/실내공기질/나,2층 유희실,03월 13일,05월 05일,,,,,,,,,,,,,,,,,,,,,,,,,,,,,,,,,,,,26.7,10.5,804,6,114
101,2792400057-01,경기 의정부시 체육로 250-25 (녹양동),의정부시장,실내공기질/실내공기질/나,1층 로비,03월 13일,05월 05일,,,,,,,,,,,,,,,,,,,,,,,,,,,,,,,,,,,,29.6,16.7,517,4,208
102,2792400057-02,경기 의정부시 체육로 250-25 (녹양동),의정부시장,실내공기질/실내공기질/나,2층 놀이꿈터,03월 13일,05월 05일,,,,,,,,,,,,,,,,,,,,,,,,,,,,,,,,,,,,29.4,18.7,686,6.6,187
103,2792400058-01,측정공,양주시장,대기및악취/지도점검/대 기,10-24-001,03월 11일,02월 02일,,,,,,,,,,,,,,,7.4,,,,,,,,,,,,,,,,,,,,,,,,,
104,2792400058-02,측정공,양주시장,대기및악취/지도점검/대 기,10-24-002,03월 11일,02월 02일,,,,,,,,,,,,,,,2.7,,,,,,,,,,,,,,,,,,,,,,,,,
105,2792400058-03,측정공,양주시장,대기및악취/지도점검/대 기,10-24-003,03월 12일,02월 02일,,,,,,,,,,,,,,,3.9,,,,,,,,,,,,,,,,,,,,,,,,,
106,2792400058-04,측정공,양주시장,대기및악취/지도점검/대 기,10-24-004,03월 12일,02월 02일,,,,,,,,,,,,,,,7,,,,,,,,,,,,,,,,,,,,,,,,,
107,2792400059-01,,포천시장,대기및악취/지도점검/대 기,2015-03-07,03월 12일,02월 02일,,,,,,,,,,,,,,,6.28,,,,,,,,,,,,,,,,,,,,,,,,,
108,2792400059-02,,포천시장,대기및악취/지도점검/대 기,2015-03-08,03월 13일,02월 02일,,,,,,,,,,,,,,,1.05,,,,,,,,,,,,,,,,,,,,,,,,,
109,2792400060-01,,기후환경관리과장,대기및악취/지도점검/대 기,환경관리 5-1,03월 06일,02월 02일,,,,,,,,,,,,,,,3.71,,,,,,,,,,,,,,,,,,,,,,,,,
110,2792400061-01,,기후환경관리과장,대기및악취/지도점검/대 기,환경관리 5-2,03월 15일,02월 02일,,,,,,,,,,,,,,,1.96,,,,,,,,,,,,,,,,,,,,,,,,,
111,2792400062-01,,포천시장,대기및악취/지도점검/대 기,2015-03-09,03월 14일,02월 02일,,,,,,,,,,,,,,,8.91,,,,,,,,,,,,,,,,,,,,,,,,,
112,2792400063-01,측정공,양주시장,대기및악취/지도점검/대 기,10-24-005,03월 13일,02월 02일,,,,,,,,,,,,,,,4.29,,,,,,,,,,,,,,,,,,,,,,,,,
113,2792400063-02,측정공,양주시장,대기및악취/지도점검/대 기,10-24-006,03월 13일,02월 02일,,,,,,,,,,,,,,,1.45,,,,,,,,,,,,,,,,,,,,,,,,,
114,2792400064-01,측정공,양주시장,대기및악취/지도점검/대 기,10-24-007,03월 18일,02월 02일,,,,,,,,,,,,,,,4.98,,,,,,,,,,,,,,,,,,,,,,,,,
115,2792400064-02,측정공,양주시장,대기및악취/지도점검/대 기,10-24-008,03월 18일,02월 02일,,,,,,,,,,,,,,,1.45,,,,,,,,,,,,,,,,,,,,,,,,,
116,2792400066-01,,기후환경관리과장,대기및악취/지도점검/대 기,환경관리5-3,03월 21일,02월 02일,,,,,,,,,,,,,,,1.66,,,,,,,,,,,,,,,,,,,,,,,,,
117,2792400067-01,,기후환경관리과장,대기및악취/지도점검/대 기,환경관리5-4,03월 22일,02월 02일,,,,,,,,,,,,,,,1.42,,,,,,,,,,,,,,,,,,,,,,,,,
118,2792400068-01,측정공,양주시장,대기및악취/지도점검/대 기,10-24-009,03월 20일,02월 02일,,,,,,,,,,,,,,,1.8,,,,,,,,,,,,,,,,,,,,,,,,,
119,2792400068-02,측정공,양주시장,대기및악취/지도점검/대 기,10-24-010,03월 20일,02월 02일,,,,,,,,,,,,,,,2,,,,,,,,,,,,,,,,,,,,,,,,,
120,2792400068-03,측정공,양주시장,대기및악취/지도점검/대 기,10-24-011,03월 20일,02월 02일,,,,,,,,,,,,,,,21.4,,,,,,,,,,,,,,,,,,,,,,,,,
121,2792400071-01,경기 양주시 장흥면 호국로 439-22 ,양주시장,실내공기질/실내공기질/나,1층 로비,03월 25일,05월 05일,,,,,,,,,,,,,,,,,,,,,,,,,,,,,,,,,,,,7.5,4.4,459,3.1,428
122,2792400071-02,경기 양주시 장흥면 호국로 439-22 ,양주시장,실내공기질/실내공기질/나,3층 302호,03월 25일,05월 05일,,,,,,,,,,,,,,,,,,,,,,,,,,,,,,,,,,,,16.2,7.3,433,7.7,234
123,2792400072-01,경기 양주시 고읍남로 6-6 (광사동),양주시장,실내공기질/실내공기질/가,9층 홀,03월 25일,04월 04일,,,,,,,,,,,,,,,,,,,,,,,,,,,,,,,,,,,,15.9,9.6,506,3,
124,2792400072-02,경기 양주시 고읍남로 6-6 (광사동),양주시장,실내공기질/실내공기질/가,10층 복도,03월 25일,04월 04일,,,,,,,,,,,,,,,,,,,,,,,,,,,,,,,,,,,,11.6,8.4,386,2.9,
125,2792400073-01,경기 양주시 독바위로300번길 12 A동(옥정동),양주시장,실내공기질/실내공기질/나,1층 나눔반,03월 27일,05월 05일,,,,,,,,,,,,,,,,,,,,,,,,,,,,,,,,,,,,23,11.1,462,4.1,764
126,2792400073-02,경기 양주시 독바위로300번길 12 A동(옥정동),양주시장,실내공기질/실내공기질/나,4층 강당,03월 27일,05월 05일,,,,,,,,,,,,,,,,,,,,,,,,,,,,,,,,,,,,17.6,11.7,454,4.6,95
127,2792400074-01,경기 양주시 고읍남로 36 (광사동) 골든스퀘어 3~6층,양주시장,실내공기질/실내공기질/나,5층 로비,03월 27일,05월 05일,,,,,,,,,,,,,,,,,,,,,,,,,,,,,,,,,,,,25.9,18.1,819,6.1,720
128,2792400074-02,경기 양주시 고읍남로 36 (광사동) 골든스퀘어 3~6층,양주시장,실내공기질/실내공기질/나,6층 복도,03월 27일,05월 05일,,,,,,,,,,,,,,,,,,,,,,,,,,,,,,,,,,,,40.7,27.7,517,6.5,234
129,2792400075-01,경기 양주시 양주산성로49번길 54 (남방동),양주시장,실내공기질/실내공기질/나,1층 복도,03월 27일,05월 05일,,,,,,,,,,,,,,,,,,,,,,,,,,,,,,,,,,,,24.6,14,787,11.8,155
130,2792400075-02,경기 양주시 양주산성로49번길 54 (남방동),양주시장,실내공기질/실내공기질/나,2층 복도,03월 27일,05월 05일,,,,,,,,,,,,,,,,,,,,,,,,,,,,,,,,,,,,26.2,14.3,1213,16.8,414
131,2792400076-01,경기 양주시 원학로147번길 53 에이동(광사동),양주시장,실내공기질/실내공기질/나,1층 복도,03월 27일,05월 05일,,,,,,,,,,,,,,,,,,,,,,,,,,,,,,,,,,,,13.1,8.6,617,10,91
132,2792400076-02,경기 양주시 원학로147번길 53 에이동(광사동),양주시장,실내공기질/실내공기질/나,2층 물리치료실,03월 27일,05월 05일,,,,,,,,,,,,,,,,,,,,,,,,,,,,,,,,,,,,15.4,10.2,1033,40.5,365
133,2792400077-01,,기후환경관리과장,대기및악취/자체개선/대 기,환경관리5-5,03월 28일,02월 02일,,,,,,,,,,,,,,,5.18,,,,,,,,,,,,,,,,,,,,,,,,,
134,2792400078-01,,포천시장,대기및악취/지도점검/대 기,2015-03-10,03월 25일,02월 02일,,,,,,,,,,,,,,,5.21,,,,,,,,,,,,,,,,,,,,,,,,,
135,2792400078-02,,포천시장,대기및악취/지도점검/대 기,2015-03-11,03월 27일,02월 02일,,,,,,,,,,,,,,,2.89,,,,,,,,,,,,,,,,,,,,,,,,,
136,2792400078-03,,포천시장,대기및악취/지도점검/대 기,2015-03-12,03월 27일,02월 02일,,,,,,,,,,,,,,,4.47,,,,,,,,,,,,,,,,,,,,,,,,,
137,2792400078-04,,포천시장,대기및악취/지도점검/대 기,2015-03-13,03월 27일,02월 02일,,,,,,,,,,,,,,,0.65,,,,,,,,,,,,,,,,,,,,,,,,,
138,2792400079-01,경기 구리시 건원대로 47 (인창동),구리시장,실내공기질/실내공기질/나,1층 로비,04월 01일,05월 05일,,,,,,,,,,,,,,,,,,,,,,,,,,,,,,,,,,,,22.6,9.2,806,6.6,175
139,2792400079-02,경기 구리시 건원대로 47 (인창동),구리시장,실내공기질/실내공기질/나,2층 물리치료실,04월 01일,05월 05일,,,,,,,,,,,,,,,,,,,,,,,,,,,,,,,,,,,,21.3,6.9,945,14.3,238
140,2792400080-01,경기 구리시 경춘로 144 (교문동),구리시장,실내공기질/실내공기질/나,1층 로비,04월 01일,05월 05일,,,,,,,,,,,,,,,,,,,,,,,,,,,,,,,,,,,,28,9.1,1003,7.7,913
141,2792400080-02,경기 구리시 경춘로 144 (교문동),구리시장,실내공기질/실내공기질/나,5층 복도,04월 01일,05월 05일,,,,,,,,,,,,,,,,,,,,,,,,,,,,,,,,,,,,11.9,6.5,857,8.1,191
142,2792400081-01,경기 구리시 체육관로 163 (교문동),구리시장,실내공기질/실내공기질/나,6F 로비,04월 01일,05월 05일,,,,,,,,,,,,,,,,,,,,,,,,,,,,,,,,,,,,11.4,8.2,575,6.2,108
143,2792400081-02,경기 구리시 체육관로 163 (교문동),구리시장,실내공기질/실내공기질/나,7F 로비,04월 01일,05월 05일,,,,,,,,,,,,,,,,,,,,,,,,,,,,,,,,,,,,30.8,8.9,614,6.9,428
144,2792400082-01,경기 남양주시 화도읍 수레로964번길 86 (주)21그램그룹,남양주시장,대기및악취/지도점검/대 기,(주)21그램그룹,04월 01일,02월 02일,,,,,,,,,,63.7,,,,,,,,,,,,,,,,,,,,,,,,,,,,,,
145,2792400083-01,경기 구리시 경춘로162번길 26 (교문동),구리시장,실내공기질/실내공기질/나,1F 로비,04월 01일,05월 05일,,,,,,,,,,,,,,,,,,,,,,,,,,,,,,,,,,,,17.7,8.9,692,12.7,123
146,2792400083-02,경기 구리시 경춘로162번길 26 (교문동),구리시장,실내공기질/실내공기질/나,3F 로비,04월 01일,05월 05일,,,,,,,,,,,,,,,,,,,,,,,,,,,,,,,,,,,,14.6,12.5,657,9.5,202
147,2792400084-01,측정공,양주시장,대기및악취/지도점검/대 기,10-24-012,03월 27일,02월 02일,,,,,,,,,,,,,,,2.9,,,,,,,,,,,,,,,,,,,,,,,,,
148,2792400085-01,경기 구리시 검배로 42 (수택동),구리시장,실내공기질/실내공기질/나,3층 치료실,04월 03일,05월 05일,,,,,,,,,,,,,,,,,,,,,,,,,,,,,,,,,,,,19.9,10.2,708,22.8,357
149,2792400085-02,경기 구리시 검배로 42 (수택동),구리시장,실내공기질/실내공기질/나,4층 로비,04월 03일,05월 05일,,,,,,,,,,,,,,,,,,,,,,,,,,,,,,,,,,,,22.6,5.3,750,22.5,242
150,2792400086-01,경기 구리시 벌말로 145 (토평동) 3층,구리시장,실내공기질/실내공기질/나,3층 로비,04월 03일,05월 05일,,,,,,,,,,,,,,,,,,,,,,,,,,,,,,,,,,,,11.9,8.7,667,18.9,231
151,2792400086-02,경기 구리시 벌말로 145 (토평동) 3층,구리시장,실내공기질/실내공기질/나,3층 복도,04월 03일,05월 05일,,,,,,,,,,,,,,,,,,,,,,,,,,,,,,,,,,,,13.3,8.3,837,20.5,226
152,2792400087-01,경기 구리시 동구릉로460번길 8 (사노동),구리시장,실내공기질/실내공기질/나,1F 로비,04월 03일,05월 05일,,,,,,,,,,,,,,,,,,,,,,,,,,,,,,,,,,,,18.8,12.5,911,7.7,150
153,2792400087-02,경기 구리시 동구릉로460번길 8 (사노동),구리시장,실내공기질/실내공기질/나,4F 생활실,04월 03일,05월 05일,,,,,,,,,,,,,,,,,,,,,,,,,,,,,,,,,,,,28.8,9.2,424,9.3,143
154,2792400088-01,경기 의정부시 송산로939번길 79 (산곡동),의정부시장,실내공기질/실내공기질/나,A동 1F 로비,04월 03일,05월 05일,,,,,,,,,,,,,,,,,,,,,,,,,,,,,,,,,,,,12.7,6.2,889,12.9,193
155,2792400088-02,경기 의정부시 송산로939번길 79 (산곡동),의정부시장,실내공기질/실내공기질/나,C동 1F 로비,04월 03일,05월 05일,,,,,,,,,,,,,,,,,,,,,,,,,,,,,,,,,,,,28.8,18.3,591,20,182
156,2792400089-01,경기 남양주시 다산동 6056 ,남양주시장,실내공기질/실내공기질/신축공동주택,611호,04월 02일,08월 08일,불검출,267.42,,,,,,,,,,,,,,,,,,,,,,,,,불검출,,,,,,,,,,,,9.3,
157,2792400089-02,경기 남양주시 다산동 6056 ,남양주시장,실내공기질/실내공기질/신축공동주택,612호,04월 02일,08월 08일,불검출,124.68,,,,,,,,,,,,,,,,,,,,,,,,,불검출,,,,,,,,,,,,5.9,
158,2792400089-03,경기 남양주시 다산동 6056 ,남양주시장,실내공기질/실내공기질/신축공동주택,910호,04월 02일,09월 09일,불검출,290.39,,,,,,,,,,,,,,,,,,,,,,,,,불검출,,,,,,,,,,,,11.4,
159,2792400089-04,경기 남양주시 다산동 6056 ,남양주시장,실내공기질/실내공기질/신축공동주택,911호,04월 02일,09월 09일,불검출,145.1,,,,,,,,,,,,,,,,,,,,,,,,,불검출,,,,,,,,,,,,11.8,
160,2792400089-05,경기 남양주시 다산동 6056 ,남양주시장,실내공기질/실내공기질/신축공동주택,912호,04월 02일,09월 09일,불검출,45.29,,,,,,,,,,,,,,,,,,,,,,,,,불검출,,,,,,,,,,,,10,
161,2792400089-06,경기 남양주시 다산동 6056 ,남양주시장,실내공기질/실내공기질/신축공동주택,1211호,04월 02일,08월 08일,불검출,96.92,,,,,,,,,,,,,,,,,,,,,,,,,불검출,,,,,,,,,,,,5,
162,2792400089-07,경기 남양주시 다산동 6056 ,남양주시장,실내공기질/실내공기질/신축공동주택,1212호,04월 02일,08월 08일,불검출,97.89,,,,,,,,,,,,,,,,,,,,,,,,,불검출,,,,,,,,,,,,8.6,
163,2792400090-01,측정공,양주시장,대기및악취/지도점검/대 기,10-24-013,04월 08일,02월 02일,,,,,,,,,,,,,,,2.6,,,,,,,,,,,,,,,,,,,,,,,,,
164,2792400090-02,측정공,양주시장,대기및악취/지도점검/대 기,10-24-014,04월 08일,02월 02일,,,,,,,,,,,,,,,1,,,,,,,,,,,,,,,,,,,,,,,,,
165,2792400090-03,측정공,양주시장,대기및악취/지도점검/대 기,10-24-015,04월 08일,02월 02일,,,,,,,,,,,,,,,3.9,,,,,,,,,,,,,,,,,,,,,,,,,
166,2792400091-01,경기 포천시 소흘읍 송우로 80 ,포천시장,실내공기질/실내공기질/나,3층 구검진실,04월 08일,05월 05일,,,,,,,,,,,,,,,,,,,,,,,,,,,,,,,,,,,,24.6,16.8,894,10.4,193
167,2792400091-02,경기 포천시 소흘읍 송우로 80 ,포천시장,실내공기질/실내공기질/나,4층 휴게실,04월 08일,05월 05일,,,,,,,,,,,,,,,,,,,,,,,,,,,,,,,,,,,,38.9,13.1,676,8.7,229
168,2792400092-01,경기 포천시 소흘읍 화합로264번길 73 ,포천시장,실내공기질/실내공기질/나,1층 가람반,04월 08일,05월 05일,,,,,,,,,,,,,,,,,,,,,,,,,,,,,,,,,,,,37.8,25.4,515,16.2,477
169,2792400092-02,경기 포천시 소흘읍 화합로264번길 73 ,포천시장,실내공기질/실내공기질/나,2층 산들반,04월 08일,05월 05일,,,,,,,,,,,,,,,,,,,,,,,,,,,,,,,,,,,,41.3,16.8,614,20.3,306
170,2792400093-01,경기 포천시 소흘읍 송선로 67 ,포천시장,실내공기질/실내공기질/나,1F 샘물반,04월 08일,05월 05일,,,,,,,,,,,,,,,,,,,,,,,,,,,,,,,,,,,,20.9,16.5,683,19.1,508
171,2792400093-02,경기 포천시 소흘읍 송선로 67 ,포천시장,실내공기질/실내공기질/나,1F 별님반,04월 08일,05월 05일,,,,,,,,,,,,,,,,,,,,,,,,,,,,,,,,,,,,20.3,11.2,572,12.7,609
172,2792400094-01,경기 포천시 송선로 203 (설운동),포천시장,실내공기질/실내공기질/나,1F 로비,04월 08일,05월 05일,,,,,,,,,,,,,,,,,,,,,,,,,,,,,,,,,,,,41.6,28.8,620,21.7,1547
173,2792400094-02,경기 포천시 송선로 203 (설운동),포천시장,실내공기질/실내공기질/나,3F 강당,04월 08일,05월 05일,,,,,,,,,,,,,,,,,,,,,,,,,,,,,,,,,,,,33.2,13.7,705,20.2,1277
174,2792400095-01,경기 포천시 소흘읍 광릉수목원로 1159-1 ,포천시장,실내공기질/실내공기질/나,1층 로비,04월 11일,05월 05일,,,,,,,,,,,,,,,,,,,,,,,,,,,,,,,,,,,,34.6,18.9,449,16.1,143
175,2792400095-02,경기 포천시 소흘읍 광릉수목원로 1159-1 ,포천시장,실내공기질/실내공기질/나,4층 생활실,04월 11일,05월 05일,,,,,,,,,,,,,,,,,,,,,,,,,,,,,,,,,,,,26.3,9.5,664,32,314
176,2792400096-01,경기 포천시 소흘읍 광릉수목원로 1159-2 ,포천시장,실내공기질/실내공기질/나,1층 로비,04월 11일,05월 05일,,,,,,,,,,,,,,,,,,,,,,,,,,,,,,,,,,,,36,9.7,526,15.3,117
177,2792400096-02,경기 포천시 소흘읍 광릉수목원로 1159-2 ,포천시장,실내공기질/실내공기질/나,4층 생활관,04월 11일,05월 05일,,,,,,,,,,,,,,,,,,,,,,,,,,,,,,,,,,,,27.6,16.3,851,44.3,74
178,2792400097-01,경기 포천시 소흘읍 검바위1길 14-59 ,포천시장,실내공기질/실내공기질/나,1F 복도,04월 11일,05월 05일,,,,,,,,,,,,,,,,,,,,,,,,,,,,,,,,,,,,46.9,18.7,734,11.9,1147
179,2792400097-02,경기 포천시 소흘읍 검바위1길 14-59 ,포천시장,실내공기질/실내공기질/나,2F 복도,04월 11일,05월 05일,,,,,,,,,,,,,,,,,,,,,,,,,,,,,,,,,,,,24.2,10.5,593,12.1,381
180,2792400098-01,경기 포천시 소흘읍 태봉로63번길 13 ,포천시장,실내공기질/실내공기질/나,1F 로비,04월 11일,05월 05일,,,,,,,,,,,,,,,,,,,,,,,,,,,,,,,,,,,,35.3,18,588,14.5,165
181,2792400098-02,경기 포천시 소흘읍 태봉로63번길 13 ,포천시장,실내공기질/실내공기질/나,2F 소리반,04월 11일,05월 05일,,,,,,,,,,,,,,,,,,,,,,,,,,,,,,,,,,,,28.3,14,804,30.6,327
182,2792400099-01,,포천시장,대기및악취/지도점검/대 기,2015-04-01,04월 12일,02월 02일,,,,,,,,,,,,,,,2.58,,,,,,,,,,,,,,,,,,,,,,,,,
183,2792400099-02,,포천시장,대기및악취/지도점검/대 기,2015-04-02,04월 12일,02월 02일,,,,,,,,,,,,,,,2.79,,,,,,,,,,,,,,,,,,,,,,,,,
184,2792400100-01,,포천시장,대기및악취/지도점검/대 기,2015-04-03,04월 16일,02월 02일,,,,,,,,,,,,,,,1.23,,,,,,,,,,,,,,,,,,,,,,,,,
185,2792400100-02,,포천시장,대기및악취/지도점검/대 기,2015-04-04,04월 16일,02월 02일,,,,,,,,,,,,,,,1.88,,,,,,,,,,,,,,,,,,,,,,,,,
186,2792400101-01,경기 포천시 왕방로252번길 8 (신읍동),포천시장,실내공기질/실내공기질/나,1층 로비,04월 16일,05월 05일,,,,,,,,,,,,,,,,,,,,,,,,,,,,,,,,,,,,53.7,18,828,24,1173
187,2792400101-02,경기 포천시 왕방로252번길 8 (신읍동),포천시장,실내공기질/실내공기질/나,2층 예다움반,04월 16일,05월 05일,,,,,,,,,,,,,,,,,,,,,,,,,,,,,,,,,,,,46.7,10.4,698,16.1,235
188,2792400102-01,경기 포천시 자작로4길 71 (자작동),포천시장,실내공기질/실내공기질/나,1층 휴게실,04월 16일,05월 05일,,,,,,,,,,,,,,,,,,,,,,,,,,,,,,,,,,,,30.4,9.1,368,20.8,127
189,2792400102-02,경기 포천시 자작로4길 71 (자작동),포천시장,실내공기질/실내공기질/나,1층 다목적실,04월 16일,05월 05일,,,,,,,,,,,,,,,,,,,,,,,,,,,,,,,,,,,,40.4,26,440,10,615
190,2792400103-01,경기 포천시 소흘읍 솔모루로 31 ,포천시장,실내공기질/실내공기질/가,4층 로비,04월 16일,04월 04일,,,,,,,,,,,,,,,,,,,,,,,,,,,,,,,,,,,,42.6,10.8,456,22.2,
191,2792400103-02,경기 포천시 소흘읍 솔모루로 31 ,포천시장,실내공기질/실내공기질/가,4층 289좌석,04월 16일,04월 04일,,,,,,,,,,,,,,,,,,,,,,,,,,,,,,,,,,,,48.6,16.2,401,33.2,
192,2792400104-01,경기 포천시 소흘읍 죽엽산로35번길 36-25 ,포천시장,실내공기질/실내공기질/나,1층 로비,04월 16일,05월 05일,,,,,,,,,,,,,,,,,,,,,,,,,,,,,,,,,,,,50.8,14.3,541,29.4,462
193,2792400104-02,경기 포천시 소흘읍 죽엽산로35번길 36-25 ,포천시장,실내공기질/실내공기질/나,3층 거실,04월 16일,05월 05일,,,,,,,,,,,,,,,,,,,,,,,,,,,,,,,,,,,,60.1,10.5,564,26.2,138
194,2792400105-01,경기 양주시 남면 삼일로 552 배출시설 측정공,기후환경관리과장,대기및악취/지도점검/대 기,태형기업(주),04월 18일,04월 04일,,,,,,,,0.65,2.3,8.7,,,,,,,,,,,,,,,,,,,,,,,,,,,,,,
195,2792400106-01,경기 포천시 영북면 영북로 206 (산내들 아이파크),포천시장,실내공기질/실내공기질/나,유희실,04월 18일,05월 05일,,,,,,,,,,,,,,,,,,,,,,,,,,,,,,,,,,,,26.8,16.4,647,12,403
196,2792400106-02,경기 포천시 영북면 영북로 206 (산내들 아이파크),포천시장,실내공기질/실내공기질/나,도서영역,04월 18일,05월 05일,,,,,,,,,,,,,,,,,,,,,,,,,,,,,,,,,,,,21.4,13.9,414,11.2,155
197,2792400107-01,경기 포천시 영북면 운천로23번길 7-8 ,포천시장,실내공기질/실내공기질/가,로비,04월 18일,04월 04일,,,,,,,,,,,,,,,,,,,,,,,,,,,,,,,,,,,,53.6,13.6,334,12.7,
198,2792400107-02,경기 포천시 영북면 운천로23번길 7-8 ,포천시장,실내공기질/실내공기질/가,2층 상영관,04월 18일,04월 04일,,,,,,,,,,,,,,,,,,,,,,,,,,,,,,,,,,,,35.4,10.7,462,10.5,
199,2792400108-01,,기후환경관리과장,대기및악취/지도점검/대 기,환경관리5-6,04월 17일,02월 02일,,,,,,,,,,,,,,,1.67,,,,,,,,,,,,,,,,,,,,,,,,,
200,2792400109-01,경기 동두천시 강변로690번길 51 대재에너지(주),기후환경관리과장,대기및악취/자체개선/대 기,대재에너지(주)_1호기,04월 19일,02월 02일,,,,,,,,,,,,,,,0.3,,,,,,,,,,,,,,,,,,,,,,,,,
201,2792400110-01,경기 동두천시 강변로690번길 51 대재에너지(주),기후환경관리과장,대기및악취/개선완료/대 기,대재에너지(주)_2호기,04월 19일,02월 02일,,,,,,,,,,,,,,,0.7,,,,,,,,,,,,,,,,,,,,,,,,,
202,2792400111-01,경기 가평군 상면 물골길 262-23 ,가평군수,실내공기질/실내공기질/나,1층 로비(본관),04월 22일,05월 05일,,,,,,,,,,,,,,,,,,,,,,,,,,,,,,,,,,,,29.6,11.2,353,7.7,173
203,2792400111-02,경기 가평군 상면 물골길 262-23 ,가평군수,실내공기질/실내공기질/나,3층 휴게실(B동),04월 22일,05월 05일,,,,,,,,,,,,,,,,,,,,,,,,,,,,,,,,,,,,16.2,8.7,425,4,109
204,2792400112-01,경기 포천시 화현면 화동로 587-1 ,포천시장,실내공기질/실내공기질/나,1층 도서관,04월 22일,05월 05일,,,,,,,,,,,,,,,,,,,,,,,,,,,,,,,,,,,,13.4,8.1,770,22.9,158
205,2792400112-02,경기 포천시 화현면 화동로 587-1 ,포천시장,실내공기질/실내공기질/나,2층 창의쑥쑥반,04월 22일,05월 05일,,,,,,,,,,,,,,,,,,,,,,,,,,,,,,,,,,,,30,7,761,19.5,323
206,2792400113-01,경기 포천시 가산면 부흥로 718 ,포천시장,실내공기질/실내공기질/나,1F 면회실,04월 22일,05월 05일,,,,,,,,,,,,,,,,,,,,,,,,,,,,,,,,,,,,17.9,8.3,654,12.3,94
207,2792400113-02,경기 포천시 가산면 부흥로 718 ,포천시장,실내공기질/실내공기질/나,2F 복도,04월 22일,05월 05일,,,,,,,,,,,,,,,,,,,,,,,,,,,,,,,,,,,,14.6,9.5,623,7.3,148
208,2792400114-01,경기 포천시 내촌면 금강로2536번길 112-12 ,포천시장,실내공기질/실내공기질/나,1F 로비,04월 22일,05월 05일,,,,,,,,,,,,,,,,,,,,,,,,,,,,,,,,,,,,14.9,8,347,3.1,119
209,2792400114-02,경기 포천시 내촌면 금강로2536번길 112-12 ,포천시장,실내공기질/실내공기질/나,3F 로비,04월 22일,05월 05일,,,,,,,,,,,,,,,,,,,,,,,,,,,,,,,,,,,,18.9,11.5,471,4,122
210,2792400115-01,,포천시장,대기및악취/지도점검/대 기,2015-04-05,04월 17일,02월 02일,,,,,,,,,,,,,,,2.42,,,,,,,,,,,,,,,,,,,,,,,,,
211,2792400115-02,,포천시장,대기및악취/지도점검/대 기,2015-04-06,04월 17일,02월 02일,,,,,,,,,,,,,,,1.87,,,,,,,,,,,,,,,,,,,,,,,,,
212,2792400115-03,,포천시장,대기및악취/지도점검/대 기,2015-04-07,04월 17일,02월 02일,,,,,,,,,,,,,,,1.2,,,,,,,,,,,,,,,,,,,,,,,,,
213,2792400115-04,,포천시장,대기및악취/지도점검/대 기,2015-04-08,04월 17일,02월 02일,,,,,,,,,,,,,,,12.86,,,,,,,,,,,,,,,,,,,,,,,,,
214,2792400116-01,경기 의정부시 추동로 253 (신곡동) 지하1층,의정부시장,실내공기질/실내공기질/가,휴게실1,04월 24일,03월 03일,,,,,,,,,,,,,,,,,,,,,,,,,,,,,,,,,,,,16,6.5,502,,
215,2792400116-02,경기 의정부시 추동로 253 (신곡동) 지하1층,의정부시장,실내공기질/실내공기질/가,휴게실2,04월 24일,03월 03일,,,,,,,,,,,,,,,,,,,,,,,,,,,,,,,,,,,,15.9,8.7,495,,
216,2792400117-01,경기 포천시 소흘읍 광릉수목원로 415 ,포천시장,실내공기질/실내공기질/가,1층 로비,04월 24일,04월 04일,,,,,,,,,,,,,,,,,,,,,,,,,,,,,,,,,,,,7.9,5.5,402,5.6,
217,2792400117-02,경기 포천시 소흘읍 광릉수목원로 415 ,포천시장,실내공기질/실내공기질/가,2층 3전시실 복도,04월 24일,04월 04일,,,,,,,,,,,,,,,,,,,,,,,,,,,,,,,,,,,,11.1,5.5,374,25.3,
218,2792400118-01,경기 남양주시 진접읍 진벌로 127 ,남양주시장,실내공기질/실내공기질/나,1층 로비,04월 24일,05월 05일,,,,,,,,,,,,,,,,,,,,,,,,,,,,,,,,,,,,14.3,3.2,610,22.1,343
219,2792400118-02,경기 남양주시 진접읍 진벌로 127 ,남양주시장,실내공기질/실내공기질/나,지하1층 회의실,04월 24일,05월 05일,,,,,,,,,,,,,,,,,,,,,,,,,,,,,,,,,,,,18,6.6,375,9.2,70
220,2792400119-01,경기 남양주시 진접읍 광릉내로 99 ,남양주시장,실내공기질/실내공기질/나,1층 로비,04월 24일,05월 05일,,,,,,,,,,,,,,,,,,,,,,,,,,,,,,,,,,,,23.9,14,413,19.7,126
221,2792400119-02,경기 남양주시 진접읍 광릉내로 99 ,남양주시장,실내공기질/실내공기질/나,5층 로비,04월 24일,05월 05일,,,,,,,,,,,,,,,,,,,,,,,,,,,,,,,,,,,,18.4,10.9,537,3.9,81
222,2792400120-01,측정공,양주시장,대기및악취/지도점검/대 기,10-24-016,04월 11일,02월 02일,,,,,,,,,,,,,,,1.8,,,,,,,,,,,,,,,,,,,,,,,,,
223,2792400120-02,측정공,양주시장,대기및악취/지도점검/대 기,10-24-017,04월 11일,02월 02일,,,,,,,,,,,,,,,2.2,,,,,,,,,,,,,,,,,,,,,,,,,
224,2792400120-03,측정공,양주시장,대기및악취/지도점검/대 기,10-24-018,04월 11일,02월 02일,,,,,,,,,,,,,,,2.4,,,,,,,,,,,,,,,,,,,,,,,,,
225,2792400120-04,측정공,양주시장,대기및악취/지도점검/대 기,10-24-019,04월 12일,02월 02일,,,,,,,,,,,,,,,1.5,,,,,,,,,,,,,,,,,,,,,,,,,
226,2792400120-05,측정공,양주시장,대기및악취/지도점검/대 기,10-24-020,04월 12일,02월 02일,,,,,,,,,,,,,,,5.6,,,,,,,,,,,,,,,,,,,,,,,,,
227,2792400121-01,,기후환경관리과장,대기및악취/지도점검/대 기,환경관리5-7,04월 24일,02월 02일,,,,,,,,,,,,,,,1.35,,,,,,,,,,,,,,,,,,,,,,,,,
228,2792400122-01,,기후환경관리과장,대기및악취/지도점검/대 기,환경관리5-8,04월 25일,02월 02일,,,,,,,,,,,,,,,3.53,,,,,,,,,,,,,,,,,,,,,,,,,
229,2792400123-01,,포천시장,대기및악취/지도점검/대 기,2015-04-09,04월 17일,02월 02일,,,,,,,,,,,,,,,0.94,,,,,,,,,,,,,,,,,,,,,,,,,
230,2792400123-02,,포천시장,대기및악취/지도점검/대 기,2015-04-10,04월 17일,02월 02일,,,,,,,,,,,,,,,0.48,,,,,,,,,,,,,,,,,,,,,,,,,
231,2792400123-03,,포천시장,대기및악취/지도점검/대 기,2015-04-11,04월 18일,02월 02일,,,,,,,,,,,,,,,1.73,,,,,,,,,,,,,,,,,,,,,,,,,
232,2792400123-04,,포천시장,대기및악취/지도점검/대 기,2015-04-12,04월 18일,02월 02일,,,,,,,,,,,,,,,0.92,,,,,,,,,,,,,,,,,,,,,,,,,
233,2792400123-05,,포천시장,대기및악취/지도점검/대 기,2015-04-13,04월 18일,02월 02일,,,,,,,,,,,,,,,1.52,,,,,,,,,,,,,,,,,,,,,,,,,
234,2792400124-01,경기 파주시 청암로17번길 17 (목동동),푸른환경사업본부장,실내공기질/실내공기질/가,지하1층 가전매장,04월 29일,04월 04일,,,,,,,,,,,,,,,,,,,,,,,,,,,,,,,,,,,,16.8,11.7,475,9.9,
235,2792400124-02,경기 파주시 청암로17번길 17 (목동동),푸른환경사업본부장,실내공기질/실내공기질/가,지하1층 15번계산대,04월 29일,04월 04일,,,,,,,,,,,,,,,,,,,,,,,,,,,,,,,,,,,,21.6,9.7,466,5.6,
236,2792400124-03,경기 파주시 청암로17번길 17 (목동동),푸른환경사업본부장,실내공기질/실내공기질/가,1층 정문 앞,04월 29일,04월 04일,,,,,,,,,,,,,,,,,,,,,,,,,,,,,,,,,,,,28.7,14.5,529,8.3,
237,2792400124-04,경기 파주시 청암로17번길 17 (목동동),푸른환경사업본부장,실내공기질/실내공기질/가,1층 모던하우스 앞,04월 29일,04월 04일,,,,,,,,,,,,,,,,,,,,,,,,,,,,,,,,,,,,37.4,16.6,485,15.7,
238,2792400125-01,,기후환경관리과장,대기및악취/지도점검/대 기,환경관리5-9,04월 26일,02월 02일,,,,,,,,,,,,,,,2.97,,,,,,,,,,,,,,,,,,,,,,,,,
239,2792400126-01,경기 파주시 범벅들길 100 (다율동),푸른환경사업본부장,실내공기질/실내공기질/신축공동주택,601동 303호,04월 30일,09월 09일,58.2,2276,,,,,,,,,,,,,,,,,,,,,,,,,119.3,,,,,,,,,,,,31.6,
240,2792400126-02,경기 파주시 범벅들길 100 (다율동),푸른환경사업본부장,실내공기질/실내공기질/신축공동주택,601동 305호,04월 30일,09월 09일,27.4,4414.7,,,,,,,,,,,,,,,,,,,,,,,,,80.2,,,,,,,,,,,,48.7,
241,2792400126-03,경기 파주시 범벅들길 100 (다율동),푸른환경사업본부장,실내공기질/실내공기질/신축공동주택,602동 1001호,04월 30일,09월 09일,428,14122.4,,,,,,,,,,,,,,,,,,,,,,,,,239.8,,,,,,,,,,,,81.7,
242,2792400126-04,경기 파주시 범벅들길 100 (다율동),푸른환경사업본부장,실내공기질/실내공기질/신축공동주택,602동 1002호,04월 30일,09월 09일,58.96,6034.5,,,,,,,,,,,,,,,,,,,,,,,,,196.7,,,,,,,,,,,,41,
243,2792400126-05,경기 파주시 범벅들길 100 (다율동),푸른환경사업본부장,실내공기질/실내공기질/신축공동주택,608동 1703호,04월 30일,09월 09일,60.9,4894.1,,,,,,,,,,,,,,,,,,,,,,,,,134.7,,,,,,,,,,,,33.8,
244,2792400126-06,경기 파주시 범벅들길 100 (다율동),푸른환경사업본부장,실내공기질/실내공기질/신축공동주택,608동 1705호,04월 30일,09월 09일,121.9,5671.1,,,,,,,,,,,,,,,,,,,,,,,,,61.5,,,,,,,,,,,,45.8,
245,2792400127-01,경기 연천군 청산면 초대로 246 측정공,기후환경관리과장,대기및악취/지도점검/대 기,씨에스에너지(주)-2호기,04월 25일,10월 10일,,,,,,,불검출,,,,,불검출,불검출,,,불검출,불검출,불검출,불검출,0.002,불검출,,,,,,,,,,,,,,,,,,,
246,2792400128-01,경기 파주시 청암로17번길 17 (목동동),푸른환경사업본부장,실내공기질/실내공기질/다,지하2층 21구역,05월 01일,03월 03일,,,,,,,,,,,,,,,,,,,,,,,,,,,,,,,,,,,,50.6,,702,6.5,
247,2792400128-02,경기 파주시 청암로17번길 17 (목동동),푸른환경사업본부장,실내공기질/실내공기질/다,지하2층 출구,05월 01일,03월 03일,,,,,,,,,,,,,,,,,,,,,,,,,,,,,,,,,,,,38.7,,483,5.2,
248,2792400128-03,경기 파주시 청암로17번길 17 (목동동),푸른환경사업본부장,실내공기질/실내공기질/다,지상5층 41구역,05월 01일,03월 03일,,,,,,,,,,,,,,,,,,,,,,,,,,,,,,,,,,,,31.9,,547,4,
249,2792400128-04,경기 파주시 청암로17번길 17 (목동동),푸른환경사업본부장,실내공기질/실내공기질/다,지상5층 매장입구,05월 01일,03월 03일,,,,,,,,,,,,,,,,,,,,,,,,,,,,,,,,,,,,38.4,,662,6,
250,2792400129-01,경기 파주시 청암로17번길 31 (목동동),푸른환경사업본부장,실내공기질/실내공기질/다,지하1층 주차장,05월 01일,03월 03일,,,,,,,,,,,,,,,,,,,,,,,,,,,,,,,,,,,,40.1,,1267,10.4,
251,2792400129-02,경기 파주시 청암로17번길 31 (목동동),푸른환경사업본부장,실내공기질/실내공기질/다,지하2층 주차장,05월 01일,03월 03일,,,,,,,,,,,,,,,,,,,,,,,,,,,,,,,,,,,,27.4,,1073,9.9,
252,2792400130-01,경기 파주시 청암로17번길 31 (목동동),푸른환경사업본부장,실내공기질/실내공기질/나,3층 로비,05월 01일,05월 05일,,,,,,,,,,,,,,,,,,,,,,,,,,,,,,,,,,,,17,13,834,32.4,97
253,2792400130-02,경기 파주시 청암로17번길 31 (목동동),푸른환경사업본부장,실내공기질/실내공기질/나,5층 로비,05월 01일,05월 05일,,,,,,,,,,,,,,,,,,,,,,,,,,,,,,,,,,,,17.2,9.9,749,29.9,410
254,2792400131-01,,포천시장,대기및악취/지도점검/대 기,2015-04-14,04월 24일,02월 02일,,,,,,,,,,,,,,,1.24,,,,,,,,,,,,,,,,,,,,,,,,,
255,2792400131-02,,포천시장,대기및악취/지도점검/대 기,2015-04-15,04월 24일,02월 02일,,,,,,,,,,,,,,,1.41,,,,,,,,,,,,,,,,,,,,,,,,,
256,2792400131-03,,포천시장,대기및악취/지도점검/대 기,2015-04-16,04월 24일,02월 02일,,,,,,,,,,,,,,,2.54,,,,,,,,,,,,,,,,,,,,,,,,,
257,2792400131-04,,포천시장,대기및악취/지도점검/대 기,2015-04-17,04월 24일,02월 02일,,,,,,,,,,,,,,,1.91,,,,,,,,,,,,,,,,,,,,,,,,,
258,2792400131-05,,포천시장,대기및악취/지도점검/대 기,2015-04-18,04월 24일,02월 02일,,,,,,,,,,,,,,,1.35,,,,,,,,,,,,,,,,,,,,,,,,,
259,2792400132-01,,기후환경관리과장,대기및악취/지도점검/대 기,환경관리5-11,05월 02일,02월 02일,,,,,,,,,,,,,,,3.36,,,,,,,,,,,,,,,,,,,,,,,,,
260,2792400133-01,,기후환경관리과장,대기및악취/지도점검/대 기,환경관리5-12,05월 03일,02월 02일,,,,,,,,,,,,,,,2.28,,,,,,,,,,,,,,,,,,,,,,,,,
261,2792400134-01,,기후환경관리과장,대기및악취/지도점검/대 기,환경관리5-13,05월 03일,02월 02일,,,,,,,,,,,,,,,1.03,,,,,,,,,,,,,,,,,,,,,,,,,
262,2792400135-01,경기 남양주시 진건읍 진건오남로374번길 29-8 ,남양주시장,실내공기질/실내공기질/나,1층 로비,05월 08일,05월 05일,,,,,,,,,,,,,,,,,,,,,,,,,,,,,,,,,,,,15.9,9.4,410,4.3,219
263,2792400135-02,경기 남양주시 진건읍 진건오남로374번길 29-8 ,남양주시장,실내공기질/실내공기질/나,3층 생활거실,05월 08일,05월 05일,,,,,,,,,,,,,,,,,,,,,,,,,,,,,,,,,,,,31,27.6,526,7.9,140
264,2792400136-01,경기 남양주시 오남읍 진건오남로555번길 17-5 ,남양주시장,실내공기질/실내공기질/나,2층 로비,05월 08일,05월 05일,,,,,,,,,,,,,,,,,,,,,,,,,,,,,,,,,,,,22.4,9.2,516,5.2,116
265,2792400136-02,경기 남양주시 오남읍 진건오남로555번길 17-5 ,남양주시장,실내공기질/실내공기질/나,3층 로비,05월 08일,05월 05일,,,,,,,,,,,,,,,,,,,,,,,,,,,,,,,,,,,,30.6,10.7,517,11.4,271
266,2792400137-01,,기후환경관리과장,대기및악취/지도점검/대 기,환경관리5-10,04월 30일,02월 02일,,,,,,,,,,,,,,,1.35,,,,,,,,,,,,,,,,,,,,,,,,,
267,2792400138-01,,기후환경관리과장,대기및악취/지도점검/대 기,환경관리5-14,05월 08일,02월 02일,,,,,,,,,,,,,,,2.85,,,,,,,,,,,,,,,,,,,,,,,,,
268,2792400139-01,,기후환경관리과장,대기및악취/지도점검/대 기,환경관리5-15,05월 09일,02월 02일,,,,,,,,,,,,,,,2.82,,,,,,,,,,,,,,,,,,,,,,,,,
269,2792400141-01,경기 남양주시 화도읍 수레로964번길 86 ,남양주시장,대기및악취/지도점검/대 기,(주)21그램그룹,05월 09일,06월 06일,,,2.2,2.3,,,,,0,112.4,,,,,3.8,,,,,,,,,,,,,,,,,,,,,,,,,
270,2792400142-01,경기 양주시 광적면 부흥로 145 포포즈 반려동물 장례식장 양주점,양주시장,대기및악취/지도점검/대 기,포포즈 반려동물 장례식장 양주점,05월 13일,05월 05일,,,58.7,3.3,,,,,,146.5,,,,,2.8,,,,,,,,,,,,,,,,,,,,,,,,,
271,2792400143-01,,포천시장,대기및악취/지도점검/대 기,2015-04-19,05월 02일,02월 02일,,,,,,,,,,,,,,,2.52,,,,,,,,,,,,,,,,,,,,,,,,,
272,2792400144-01,경기 파주시 광탄면 혜음로 1305 ,푸른환경사업본부장,실내공기질/실내공기질/나,A동 보육실,05월 16일,05월 05일,,,,,,,,,,,,,,,,,,,,,,,,,,,,,,,,,,,,16.7,16.4,485,33.4,384.2
273,2792400144-02,경기 파주시 광탄면 혜음로 1305 ,푸른환경사업본부장,실내공기질/실내공기질/나,B동 특별활동실,05월 16일,05월 05일,,,,,,,,,,,,,,,,,,,,,,,,,,,,,,,,,,,,16.6,16.6,347,39.4,219.5
274,2792400145-01,경기 파주시 광탄면 양지말길 89 ,푸른환경사업본부장,실내공기질/실내공기질/나,프로그램실,05월 16일,05월 05일,,,,,,,,,,,,,,,,,,,,,,,,,,,,,,,,,,,,22.1,19.8,535,13.4,174
275,2792400145-02,경기 파주시 광탄면 양지말길 89 ,푸른환경사업본부장,실내공기질/실내공기질/나,물리치료실,05월 16일,05월 05일,,,,,,,,,,,,,,,,,,,,,,,,,,,,,,,,,,,,20.7,14.2,479,13.9,198.1
276,2792400146-01,경기 포천시 신북면 신창길 34-1 측정공,기후환경관리과장,대기및악취/지도점검/대 기,(주)이원환경기술-3호기,05월 20일,10월 10일,불검출,,,,,,불검출,0.12,,,불검출,,불검출,,,,불검출,불검출,불검출,0.002,불검출,,,,,,,,,,,,,,,,,,,
277,2792400147-01,경기 파주시 법원읍 술이홀로 960-1 배출시설 측정공,기후환경관리과장,대기및악취/지도점검/대 기,린텍스기업(주),05월 21일,03월 03일,,,,,,,,,0.67,23,,,,,,,,,,,,,,,,,,,,,,,,,,,,,,
278,2792400148-01,,포천시장,대기및악취/지도점검/대 기,2015-05-01,05월 21일,02월 02일,,,,,,,,,,,,,,,1.01,,,,,,,,,,,,,,,,,,,,,,,,,
279,2792400148-02,,포천시장,대기및악취/지도점검/대 기,2015-05-02,05월 21일,02월 02일,,,,,,,,,,,,,,,0.72,,,,,,,,,,,,,,,,,,,,,,,,,
280,2792400149-01,,포천시장,대기및악취/지도점검/대 기,2015-04-20,04월 17일,02월 02일,,,,,,,,,,,,,,,2.63,,,,,,,,,,,,,,,,,,,,,,,,,
281,2792400150-01,,기후환경관리과장,대기및악취/지도점검/대 기,환경관리5-16,05월 17일,02월 02일,,,,,,,,,,,,,,,1.19,,,,,,,,,,,,,,,,,,,,,,,,,
282,2792400151-01,경기 포천시 신북면 신평로26번길 55 한미염공,기후환경관리과장,대기및악취/지도점검/대 기,한미염공,05월 21일,11월 11일,,,33.6,0.73,,,불검출,0.04,불검출,38.9,0.033,불검출,,,4.4,,,불검출,,,,,,,,,,,,,,,,,,,,,,
283,2792400152-01,경기 포천시 영중면 양문공단로3길 20 측정공,기후환경관리과장,대기및악취/지도점검/대 기,(주)천일에너지-1호기,05월 22일,10월 10일,,,,0.64,,,0.0191,,,,0.008,불검출,,,,불검출,불검출,불검출,불검출,0.004,0.042,,,,,,,,,,,,,,,,,,,
284,2792400153-01,,기후환경관리과장,대기및악취/지도점검/대 기,환경관리5-17,05월 21일,02월 02일,,,,,,,,,,,,,,,1.63,,,,,,,,,,,,,,,,,,,,,,,,,
285,2792400154-01,,기후환경관리과장,대기및악취/지도점검/대 기,환경관리5-18,05월 24일,02월 02일,,,,,,,,,,,,,,,2.86,,,,,,,,,,,,,,,,,,,,,,,,,
286,2792400155-01,,기후환경관리과장,대기및악취/지도점검/대 기,환경관리5-19,05월 24일,02월 02일,,,,,,,,,,,,,,,3.14,,,,,,,,,,,,,,,,,,,,,,,,,
287,2792400156-01,경기 동두천시 상패로 89 (상패동),동두천시장,실내공기질/실내공기질/나,2층 유희실,05월 28일,05월 05일,,,,,,,,,,,,,,,,,,,,,,,,,,,,,,,,,,,,24.1,10.4,468,11.5,94
288,2792400156-02,경기 동두천시 상패로 89 (상패동),동두천시장,실내공기질/실내공기질/나,3층 해솔반,05월 28일,05월 05일,,,,,,,,,,,,,,,,,,,,,,,,,,,,,,,,,,,,12.4,9.2,407,22.7,87
289,2792400157-01,경기 동두천시 상패로 85 (상패동),동두천시장,실내공기질/실내공기질/나,1층 로비,05월 28일,05월 05일,,,,,,,,,,,,,,,,,,,,,,,,,,,,,,,,,,,,12.2,3.2,691,18.4,413
290,2792400157-02,경기 동두천시 상패로 85 (상패동),동두천시장,실내공기질/실내공기질/나,2층 로비,05월 28일,05월 05일,,,,,,,,,,,,,,,,,,,,,,,,,,,,,,,,,,,,10.8,10.8,541,20.5,145
291,2792400158-01,경기 동두천시 봉동로 270 (하봉암동),동두천시장,대기및악취/지도점검/대 기,태호,05월 22일,06월 06일,,,314.7,,,,,0.24,16.7,57.3,,,,,3.9,,,,,,,,,,,,,,,,,,,,,,,,,
292,2792400159-01,경기 동두천시 중앙로298번길 6-10 (생연동),동두천시장,실내공기질/실내공기질/나,2층 거실,05월 29일,05월 05일,,,,,,,,,,,,,,,,,,,,,,,,,,,,,,,,,,,,19,10.1,531,18.2,729
293,2792400159-02,경기 동두천시 중앙로298번길 6-10 (생연동),동두천시장,실내공기질/실내공기질/나,3층 로비,05월 29일,05월 05일,,,,,,,,,,,,,,,,,,,,,,,,,,,,,,,,,,,,23.2,13.4,411,25.1,386
294,2792400160-01,,포천시장,대기및악취/지도점검/대 기,2015-05-05,05월 16일,02월 02일,,,,,,,,,,,,,,,2.62,,,,,,,,,,,,,,,,,,,,,,,,,
295,2792400160-02,,포천시장,대기및악취/지도점검/대 기,2015-05-06,05월 16일,02월 02일,,,,,,,,,,,,,,,0.48,,,,,,,,,,,,,,,,,,,,,,,,,
296,2792400160-03,,포천시장,대기및악취/지도점검/대 기,2015-05-07,05월 22일,02월 02일,,,,,,,,,,,,,,,1.43,,,,,,,,,,,,,,,,,,,,,,,,,
297,2792400160-04,,포천시장,대기및악취/지도점검/대 기,2015-05-08,05월 21일,02월 02일,,,,,,,,,,,,,,,1.45,,,,,,,,,,,,,,,,,,,,,,,,,
298,2792400160-05,,포천시장,대기및악취/지도점검/대 기,2015-05-09,05월 22일,02월 02일,,,,,,,,,,,,,,,1.19,,,,,,,,,,,,,,,,,,,,,,,,,
299,2792400160-06,,포천시장,대기및악취/지도점검/대 기,2015-05-10,05월 23일,02월 02일,,,,,,,,,,,,,,,1.35,,,,,,,,,,,,,,,,,,,,,,,,,
300,2792400161-01,,포천시장,대기및악취/지도점검/대 기,2015-05-03,05월 16일,02월 02일,,,,,,,,,,,,,,,2.2,,,,,,,,,,,,,,,,,,,,,,,,,
301,2792400161-02,,포천시장,대기및악취/지도점검/대 기,2015-05-04,05월 16일,02월 02일,,,,,,,,,,,,,,,1.42,,,,,,,,,,,,,,,,,,,,,,,,,
302,2792400162-01,경기 동두천시 봉동로 270 (하봉암동),동두천시장,대기및악취/지도점검/대 기,(주)케이엠물산_보일러(3t/hr),05월 28일,04월 04일,,,,,,,,,2.4,28.1,,,,,2,,,,,,,,,,,,,,,,,,,,,,,,,
303,2792400162-02,경기 동두천시 봉동로 270 (하봉암동),동두천시장,대기및악취/지도점검/대 기,(주)케이엠물산_다림질시설(200m3),05월 28일,04월 04일,,,,,,,,,불검출,불검출,,,,,1.4,,,,,,,,,,,,,,,,,,,,,,,,,
304,2792400163-01,경기 양주시 양주산성로49번길 54 (남방동),양주시장,실내공기질/실내공기질/나,1층 복도,05월 30일,01월 01일,,,,,,,,,,,,,,,,,,,,,,,,,,,,,,,,,,,,,,660,,
305,2792400163-02,경기 양주시 양주산성로49번길 54 (남방동),양주시장,실내공기질/실내공기질/나,2층 거실,05월 30일,01월 01일,,,,,,,,,,,,,,,,,,,,,,,,,,,,,,,,,,,,,,585,,
306,2792400164-01,경기 의정부시 평화로 704 (가능동),의정부시장,실내공기질/실내공기질/나,1층 로비,06월 03일,05월 05일,,,,,,,,,,,,,,,,,,,,,,,,,,,,,,,,,,,,11.6,9.1,780,12.8,2673
307,2792400164-02,경기 의정부시 평화로 704 (가능동),의정부시장,실내공기질/실내공기질/나,5층 로비,06월 03일,05월 05일,,,,,,,,,,,,,,,,,,,,,,,,,,,,,,,,,,,,17.7,7.7,689,16.3,445
308,2792400165-01,경기 파주시 문산읍 통일로 1750 (문산어울림),푸른환경사업본부장,실내공기질/실내공기질/나,1층 로비,06월 03일,05월 05일,,,,,,,,,,,,,,,,,,,,,,,,,,,,,,,,,,,,13.9,5,596,6.6,452
309,2792400165-02,경기 파주시 문산읍 통일로 1750 (문산어울림),푸른환경사업본부장,실내공기질/실내공기질/나,2층 로비,06월 03일,05월 05일,,,,,,,,,,,,,,,,,,,,,,,,,,,,,,,,,,,,13.2,5.7,669,10.4,609
310,2792400166-01,,기후환경관리과장,대기및악취/지도점검/대 기,환경관리5-20,05월 28일,08월 08일,,,,,,,,,,,,,,,2.11,불검출,불검출,불검출,불검출,불검출,불검출,,,,,,,,,,,,,,,,,,,
311,2792400167-01,,기후환경관리과장,대기및악취/지도점검/대 기,환경관리5-21,05월 29일,08월 08일,,,,,,,,,,,,,,,1.57,불검출,불검출,불검출,불검출,불검출,불검출,,,,,,,,,,,,,,,,,,,
312,2792400168-01,,기후환경관리과장,대기및악취/지도점검/대 기,환경관리5-22,05월 30일,08월 08일,,,,,,,,,,,,,,,1.3,불검출,불검출,불검출,불검출,불검출,불검출,,,,,,,,,,,,,,,,,,,
313,2792400169-01,,포천시장,대기및악취/지도점검/대 기,2015-05-11,05월 31일,02월 02일,,,,,,,,,,,,,,,2.37,,,,,,,,,,,,,,,,,,,,,,,,,
314,2792400169-02,,포천시장,대기및악취/지도점검/대 기,2015-05-12,05월 31일,02월 02일,,,,,,,,,,,,,,,3.67,,,,,,,,,,,,,,,,,,,,,,,,,
315,2792400170-01,경기 양주시 광적면 화합로 135 ,양주시장,실내공기질/실내공기질/가,1층 로비,06월 04일,04월 04일,,,,,,,,,,,,,,,,,,,,,,,,,,,,,,,,,,,,23.7,21.4,470,6.3,
316,2792400170-02,경기 양주시 광적면 화합로 135 ,양주시장,실내공기질/실내공기질/가,2층 201호,06월 04일,04월 04일,,,,,,,,,,,,,,,,,,,,,,,,,,,,,,,,,,,,19.5,5.1,457,28.6,
317,2792400171-01,측정공,양주시장,대기및악취/지도점검/대 기,10-24-021,06월 04일,02월 02일,,,,,,,,,,,,,,,2.26,,,,,,,,,,,,,,,,,,,,,,,,,
318,2792400171-02,측정공,양주시장,대기및악취/지도점검/대 기,10-24-022,06월 04일,02월 02일,,,,,,,,,,,,,,,5.32,,,,,,,,,,,,,,,,,,,,,,,,,
319,2792400171-03,측정공,양주시장,대기및악취/지도점검/대 기,10-24-023,06월 04일,02월 02일,,,,,,,,,,,,,,,17.19,,,,,,,,,,,,,,,,,,,,,,,,,
320,2792400172-01,,포천시장,대기및악취/지도점검/대 기,2015-05-14,05월 31일,02월 02일,,,,,,,,,,,,,,,2.66,,,,,,,,,,,,,,,,,,,,,,,,,
321,2792400172-02,,포천시장,대기및악취/지도점검/대 기,2015-05-15,05월 31일,02월 02일,,,,,,,,,,,,,,,1.9,,,,,,,,,,,,,,,,,,,,,,,,,
322,2792400172-03,,포천시장,대기및악취/지도점검/대 기,2015-05-16,05월 31일,02월 02일,,,,,,,,,,,,,,,1.69,,,,,,,,,,,,,,,,,,,,,,,,,
323,2792400173-01,경기 양주시 월정로 27 (옥정동),양주시장,실내공기질/실내공기질/신축공동주택,510-7,06월 11일,09월 09일,불검출,138.9,,,,,,,,,,,,,,,,,,,,,,,,,256.5,,,,,,,,,,,,95.5,
324,2792400173-02,경기 양주시 월정로 27 (옥정동),양주시장,실내공기질/실내공기질/신축공동주택,602-1,06월 11일,09월 09일,불검출,10.8,,,,,,,,,,,,,,,,,,,,,,,,,51,,,,,,,,,,,,42.1,
325,2792400173-03,경기 양주시 월정로 27 (옥정동),양주시장,실내공기질/실내공기질/신축공동주택,602-2,06월 11일,09월 09일,불검출,15.7,,,,,,,,,,,,,,,,,,,,,,,,,52.2,,,,,,,,,,,,37.3,
326,2792400173-04,경기 양주시 월정로 27 (옥정동),양주시장,실내공기질/실내공기질/신축공동주택,703-2,06월 11일,09월 09일,불검출,56.7,,,,,,,,,,,,,,,,,,,,,,,,,159.6,,,,,,,,,,,,67.1,
327,2792400173-05,경기 양주시 월정로 27 (옥정동),양주시장,실내공기질/실내공기질/신축공동주택,703-5,06월 11일,09월 09일,불검출,34.7,,,,,,,,,,,,,,,,,,,,,,,,,72.5,,,,,,,,,,,,73.8,
328,2792400173-06,경기 양주시 월정로 27 (옥정동),양주시장,실내공기질/실내공기질/신축공동주택,807-8,06월 11일,09월 09일,불검출,16.8,,,,,,,,,,,,,,,,,,,,,,,,,189,,,,,,,,,,,,75.9,
329,2792400173-07,경기 양주시 월정로 27 (옥정동),양주시장,실내공기질/실내공기질/신축공동주택,906-7,06월 11일,09월 09일,불검출,36.4,,,,,,,,,,,,,,,,,,,,,,,,,125.7,,,,,,,,,,,,93.3,
330,2792400173-08,경기 양주시 월정로 27 (옥정동),양주시장,실내공기질/실내공기질/신축공동주택,906-9,06월 11일,09월 09일,불검출,11.9,,,,,,,,,,,,,,,,,,,,,,,,,185.6,,,,,,,,,,,,59.7,
331,2792400173-09,경기 양주시 월정로 27 (옥정동),양주시장,실내공기질/실내공기질/신축공동주택,1008-12,06월 11일,09월 09일,불검출,6.5,,,,,,,,,,,,,,,,,,,,,,,,,81.9,,,,,,,,,,,,44,
332,2792400173-10,경기 양주시 월정로 27 (옥정동),양주시장,실내공기질/실내공기질/신축공동주택,1008-13,06월 11일,09월 09일,불검출,8.3,,,,,,,,,,,,,,,,,,,,,,,,,157.4,,,,,,,,,,,,52.7,
333,2792400174-01,경기 양주시 옥정동로7길 110 (옥정동),양주시장,실내공기질/실내공기질/가,1층 아동자료 코너,06월 13일,04월 04일,,,,,,,,,,,,,,,,,,,,,,,,,,,,,,,,,,,,24.9,9.3,522,13.3,
334,2792400174-02,경기 양주시 옥정동로7길 110 (옥정동),양주시장,실내공기질/실내공기질/가,2층 열람실 정문,06월 13일,04월 04일,,,,,,,,,,,,,,,,,,,,,,,,,,,,,,,,,,,,18.1,10.3,774,18.6,
335,2792400175-01,경기 양주시 회암사길 11 (율정동),양주시장,실내공기질/실내공기질/가,1층 로비,06월 13일,04월 04일,,,,,,,,,,,,,,,,,,,,,,,,,,,,,,,,,,,,12.1,7.8,680,60.4,
336,2792400175-02,경기 양주시 회암사길 11 (율정동),양주시장,실내공기질/실내공기질/가,2층 전시장 출입구,06월 13일,04월 04일,,,,,,,,,,,,,,,,,,,,,,,,,,,,,,,,,,,,34.9,13,735,53.8,
337,2792400176-01,,포천시장,대기및악취/지도점검/대 기,2015-06-01,06월 04일,02월 02일,,,,,,,,,,,,,,,2.71,,,,,,,,,,,,,,,,,,,,,,,,,
338,2792400176-02,,포천시장,대기및악취/지도점검/대 기,2015-06-02,06월 04일,02월 02일,,,,,,,,,,,,,,,1.45,,,,,,,,,,,,,,,,,,,,,,,,,
339,2792400176-03,,포천시장,대기및악취/지도점검/대 기,2015-06-03,06월 11일,02월 02일,,,,,,,,,,,,,,,4.92,,,,,,,,,,,,,,,,,,,,,,,,,
340,2792400176-04,,포천시장,대기및악취/지도점검/대 기,2015-06-04,06월 11일,02월 02일,,,,,,,,,,,,,,,19.01,,,,,,,,,,,,,,,,,,,,,,,,,
341,2792400176-05,,포천시장,대기및악취/지도점검/대 기,2015-06-05,06월 11일,02월 02일,,,,,,,,,,,,,,,1.34,,,,,,,,,,,,,,,,,,,,,,,,,
342,2792400177-01,경기 남양주시 화도읍 수레로964번길 86 주식회사 21그램그룹,남양주시장,대기및악취/자체개선/대 기,주식회사21그램그룹,06월 14일,02월 02일,,,,,,,,,,34,,,,,,,,,,,,,,,,,,,,,,,,,,,,,,
343,2792400178-01,경기 의정부시 금오로23번길 22-40 (금오동),북부119종합상황실장,실내공기질/실내공기질/다중이용시설2,119종합상황실,06월 18일,04월 04일,,,,,,,,,,,,,,,,,,,,,,,,,,,,,,,,,,,,11.1,4.5,654,57.6,
344,2792400178-02,경기 의정부시 금오로23번길 22-40 (금오동),북부119종합상황실장,실내공기질/실내공기질/다중이용시설2,상황회의실,06월 18일,04월 04일,,,,,,,,,,,,,,,,,,,,,,,,,,,,,,,,,,,,12.2,6.4,761,54.1,
345,2792400179-01,경기 구리시 경춘로 144 (교문동),구리시장,실내공기질/실내공기질/나,1층 로비,06월 19일,01월 01일,,,,,,,,,,,,,,,,,,,,,,,,,,,,,,,,,,,,,,577,,
346,2792400179-02,경기 구리시 경춘로 144 (교문동),구리시장,실내공기질/실내공기질/나,5층 복도,06월 19일,01월 01일,,,,,,,,,,,,,,,,,,,,,,,,,,,,,,,,,,,,,,593,,
347,2792400180-01,경기 구리시 경춘로 153 (교문동),구리시장,실내공기질/실내공기질/다,지하2층 입구,06월 19일,03월 03일,,,,,,,,,,,,,,,,,,,,,,,,,,,,,,,,,,,,29.1,,744,16.5,
348,2792400180-02,경기 구리시 경춘로 153 (교문동),구리시장,실내공기질/실내공기질/다,지하3층 입구,06월 19일,03월 03일,,,,,,,,,,,,,,,,,,,,,,,,,,,,,,,,,,,,39.4,,845,18.3,
349,2792400181-01,측정공,의정부시장,대기및악취/지도점검/대 기,12-24-1,06월 13일,02월 02일,,,,,,,,,,,,,,,2.7,,,,,,,,,,,,,,,,,,,,,,,,,
350,2792400181-02,측정공,의정부시장,대기및악취/지도점검/대 기,12-24-2,06월 13일,02월 02일,,,,,,,,,,,,,,,3.4,,,,,,,,,,,,,,,,,,,,,,,,,
351,2792400181-03,측정공,의정부시장,대기및악취/지도점검/대 기,12-24-3,06월 13일,02월 02일,,,,,,,,,,,,,,,1.9,,,,,,,,,,,,,,,,,,,,,,,,,
352,2792400182-01,경기 동두천시 강변로690번길 51 (동두천동) 대재에너지 배출시설 1호기 측정공,기후환경관리과장,대기및악취/지도점검/대 기,대재에너지(주)-1호기,06월 19일,02월 02일,,,,,,,,,,,,,,,1,,,,,,,,,,,,,,,,,,,,,,,,,
353,2792400182-02,경기 동두천시 강변로690번길 51 (동두천동) 대재에너지 배출시설 2호기 측정공,기후환경관리과장,대기및악취/지도점검/대 기,대재에너지(주)-2호기,06월 19일,02월 02일,,,,,,,,,,,,,,,2.3,,,,,,,,,,,,,,,,,,,,,,,,,
354,2792400183-01,측정공,의정부시장,대기및악취/지도점검/대 기,12-24-4,06월 17일,02월 02일,,,,,,,,,,,,,,,0.8,,,,,,,,,,,,,,,,,,,,,,,,,
355,2792400183-02,측정공,의정부시장,대기및악취/지도점검/대 기,12-24-5,06월 17일,02월 02일,,,,,,,,,,,,,,,0.9,,,,,,,,,,,,,,,,,,,,,,,,,
356,2792400183-03,측정공,의정부시장,대기및악취/지도점검/대 기,12-24-6,06월 17일,02월 02일,,,,,,,,,,,,,,,0.8,,,,,,,,,,,,,,,,,,,,,,,,,
357,2792400183-04,측정공,의정부시장,대기및악취/지도점검/대 기,12-24-7,06월 17일,02월 02일,,,,,,,,,,,,,,,1.5,,,,,,,,,,,,,,,,,,,,,,,,,
358,2792400184-01,측정공,의정부시장,대기및악취/지도점검/대 기,12-24-8,06월 19일,02월 02일,,,,,,,,,,,,,,,2,,,,,,,,,,,,,,,,,,,,,,,,,
359,2792400184-02,측정공,의정부시장,대기및악취/지도점검/대 기,12-24-9,06월 19일,02월 02일,,,,,,,,,,,,,,,5.1,,,,,,,,,,,,,,,,,,,,,,,,,
360,2792400184-03,측정공,의정부시장,대기및악취/지도점검/대 기,12-24-10,06월 19일,02월 02일,,,,,,,,,,,,,,,2.9,,,,,,,,,,,,,,,,,,,,,,,,,
361,2792400185-01,경기 동두천시 동두천동 545-1 와이디영덕물산(주),기후환경관리과장,대기및악취/자체개선/대 기,와이디영덕물산(주),06월 27일,02월 02일,,,,,,,,,,,,,,,2.8,,,,,,,,,,,,,,,,,,,,,,,,,
362,2792400186-01,측정공,양주시장,대기및악취/지도점검/대 기,10-24-024,06월 25일,02월 02일,,,,,,,,,,,,,,,0.9,,,,,,,,,,,,,,,,,,,,,,,,,
363,2792400186-02,측정공,양주시장,대기및악취/지도점검/대 기,10-24-025,06월 25일,02월 02일,,,,,,,,,,,,,,,3.9,,,,,,,,,,,,,,,,,,,,,,,,,
364,2792400187-01,경기 고양시 일산동구 정발산로42번길 5 (장항동),고양시장,실내공기질/실내공기질/다,지하1층 출입구,07월 02일,03월 03일,,,,,,,,,,,,,,,,,,,,,,,,,,,,,,,,,,,,28.4,,725,9.7,
365,2792400187-02,경기 고양시 일산동구 정발산로42번길 5 (장항동),고양시장,실내공기질/실내공기질/다,지하2층 출입구,07월 02일,03월 03일,,,,,,,,,,,,,,,,,,,,,,,,,,,,,,,,,,,,45.6,,654,16.3,
366,2792400188-01,경기 고양시 일산동구 장백로 20 (백석동),고양시장,실내공기질/실내공기질/다,지하1층 출입구,07월 02일,03월 03일,,,,,,,,,,,,,,,,,,,,,,,,,,,,,,,,,,,,31.7,,685,9.9,
367,2792400188-02,경기 고양시 일산동구 장백로 20 (백석동),고양시장,실내공기질/실내공기질/다,지하2층 출입구,07월 02일,03월 03일,,,,,,,,,,,,,,,,,,,,,,,,,,,,,,,,,,,,77,,622,11.5,
368,2792400189-01,경기 고양시 일산동구 장백로 26 (백석동),고양시장,실내공기질/실내공기질/다,지하1층,07월 03일,03월 03일,,,,,,,,,,,,,,,,,,,,,,,,,,,,,,,,,,,,34.1,,666,13.1,
369,2792400189-02,경기 고양시 일산동구 장백로 26 (백석동),고양시장,실내공기질/실내공기질/다,지하2층,07월 03일,03월 03일,,,,,,,,,,,,,,,,,,,,,,,,,,,,,,,,,,,,45.9,,594,14.3,
370,2792400190-01,경기 고양시 일산동구 장백로 10 (백석동),고양시장,실내공기질/실내공기질/다,지하1층,07월 03일,03월 03일,,,,,,,,,,,,,,,,,,,,,,,,,,,,,,,,,,,,58,,750,12.2,
371,2792400190-02,경기 고양시 일산동구 장백로 10 (백석동),고양시장,실내공기질/실내공기질/다,지하2층,07월 03일,03월 03일,,,,,,,,,,,,,,,,,,,,,,,,,,,,,,,,,,,,51.1,,1084,15.9,
372,2792400191-01,측정공,양주시장,대기및악취/지도점검/대 기,10-24-026,07월 02일,02월 02일,,,,,,,,,,,,,,,3.3,,,,,,,,,,,,,,,,,,,,,,,,,
373,2792400191-02,측정공,양주시장,대기및악취/지도점검/대 기,10-24-027,07월 02일,02월 02일,,,,,,,,,,,,,,,5.1,,,,,,,,,,,,,,,,,,,,,,,,,
374,2792400192-01,경기 고양시 일산서구 일중로 17 (일산동),고양시장,실내공기질/실내공기질/다,지하1층,07월 10일,03월 03일,,,,,,,,,,,,,,,,,,,,,,,,,,,,,,,,,,,,43.5,,769,15.1,
375,2792400192-02,경기 고양시 일산서구 일중로 17 (일산동),고양시장,실내공기질/실내공기질/다,지하2층,07월 10일,03월 03일,,,,,,,,,,,,,,,,,,,,,,,,,,,,,,,,,,,,31.8,,999,16.9,
376,2792400193-01,경기 고양시 일산동구 중앙로 1333 (장항동),고양시장,실내공기질/실내공기질/다,지하1층 복도출입구,07월 10일,03월 03일,,,,,,,,,,,,,,,,,,,,,,,,,,,,,,,,,,,,31,,497,9.3,
377,2792400193-02,경기 고양시 일산동구 중앙로 1333 (장항동),고양시장,실내공기질/실내공기질/다,지하2층 차량진입로,07월 10일,03월 03일,,,,,,,,,,,,,,,,,,,,,,,,,,,,,,,,,,,,39.8,,548,9.2,
378,2792400194-01,,포천시장,대기및악취/지도점검/대 기,2015-07-01,07월 01일,02월 02일,,,,,,,,,,,,,,,1.23,,,,,,,,,,,,,,,,,,,,,,,,,
379,2792400194-02,,포천시장,대기및악취/지도점검/대 기,2015-07-02,07월 12일,02월 02일,,,,,,,,,,,,,,,6.31,,,,,,,,,,,,,,,,,,,,,,,,,
380,2792400195-01,경기 양주시 광적면 부흥로 145 포포즈 반려동물 장례식장 배출구,양주시장,대기및악취/지도점검/대 기,포포즈 반려동물 장례식장-1호기,07월 11일,02월 02일,,,,,,,,,,36.3,,,,,,,,,,,,,,,,,,,,,,,,,,,,,,
381,2792400196-01,,포천시장,대기및악취/지도점검/대 기,2015-07-03,07월 12일,02월 02일,,,,,,,,,,,,,,,0.99,,,,,,,,,,,,,,,,,,,,,,,,,
382,2792400196-02,,포천시장,대기및악취/지도점검/대 기,2015-07-04,07월 12일,02월 02일,,,,,,,,,,,,,,,1.46,,,,,,,,,,,,,,,,,,,,,,,,,
383,2792400197-01,사업장 배출구,남양주시장,대기및악취/지도점검/대 기,8-7(1)-1,07월 12일,02월 02일,,,,,,,,,,,,,,,1.6,,,,,,,,,,,,,,,,,,,,,,,,,
384,2792400198-01,배출구,양주시장,대기및악취/지도점검/대 기,10-24-028,07월 15일,02월 02일,,,,,,,,,,,,,,,1.3,,,,,,,,,,,,,,,,,,,,,,,,,
385,2792400198-02,배출구,양주시장,대기및악취/지도점검/대 기,10-24-029,07월 15일,02월 02일,,,,,,,,,,,,,,,1.8,,,,,,,,,,,,,,,,,,,,,,,,,
386,2792400198-03,배출구,양주시장,대기및악취/지도점검/대 기,10-24-030,07월 15일,02월 02일,,,,,,,,,,,,,,,1.8,,,,,,,,,,,,,,,,,,,,,,,,,
387,2792400199-01,배출구 측정공,양주시장,대기및악취/지도점검/대 기,10-24-031,07월 15일,02월 02일,,,,,,,,,,,,,,,1.5,,,,,,,,,,,,,,,,,,,,,,,,,
388,2792400199-02,배출구 측정공,양주시장,대기및악취/지도점검/대 기,10-24-032,07월 15일,02월 02일,,,,,,,,,,,,,,,1.6,,,,,,,,,,,,,,,,,,,,,,,,,
389,2792400200-01,경기 남양주시 다산중앙로123번길 22-80 (다산동) 다산역 대합실,철도건설과장,실내공기질/실내공기질/다중이용시설,다산역 대합실,07월 16일,01월 01일,,,,,,,,,,,,,,,,,,,,,,,,,,,,,,,,,,,47.5,,,,,
390,2792400200-02,경기 남양주시 다산중앙로123번길 22-80 (다산동) 다산역 승강장,철도건설과장,실내공기질/실내공기질/다중이용시설,다산역 승강장,07월 16일,01월 01일,,,,,,,,,,,,,,,,,,,,,,,,,,,,,,,,,,,58.2,,,,,
391,2792400200-03,경기 남양주시 경춘북로 375 (별내동) 별내역 대합실,철도건설과장,실내공기질/실내공기질/다중이용시설,별내역 대합실,07월 16일,01월 01일,,,,,,,,,,,,,,,,,,,,,,,,,,,,,,,,,,,66.2,,,,,
392,2792400200-04,경기 남양주시 경춘북로 375 (별내동) 별내역 승강장,철도건설과장,실내공기질/실내공기질/다중이용시설,별내역 승강장,07월 16일,01월 01일,,,,,,,,,,,,,,,,,,,,,,,,,,,,,,,,,,,98.3,,,,,
393,2792400200-05,경기 구리시 수택동 878 장자호수공원역 대합실,철도건설과장,실내공기질/실내공기질/다중이용시설,장자호수공원역 대합실,07월 16일,01월 01일,,,,,,,,,,,,,,,,,,,,,,,,,,,,,,,,,,,42.2,,,,,
394,2792400200-06,경기 구리시 수택동 878 장자호수공원역 승강장,철도건설과장,실내공기질/실내공기질/다중이용시설,장자호수공원역 승강장,07월 16일,01월 01일,,,,,,,,,,,,,,,,,,,,,,,,,,,,,,,,,,,42.7,,,,,
395,2792400200-07,경기 구리시 인창동 674-1 구리역 대합실,철도건설과장,실내공기질/실내공기질/다중이용시설,구리역 대합실,07월 16일,01월 01일,,,,,,,,,,,,,,,,,,,,,,,,,,,,,,,,,,,24.4,,,,,
396,2792400200-08,경기 구리시 인창동 674-1 구리역 승강장,철도건설과장,실내공기질/실내공기질/다중이용시설,구리역 승강장,07월 16일,01월 01일,,,,,,,,,,,,,,,,,,,,,,,,,,,,,,,,,,,22.6,,,,,
397,2792400200-09,경기 구리시 인창동 678-7 동구릉역 대합실,철도건설과장,실내공기질/실내공기질/다중이용시설,동구릉역 대합실,07월 16일,01월 01일,,,,,,,,,,,,,,,,,,,,,,,,,,,,,,,,,,,31.8,,,,,
398,2792400200-10,경기 구리시 인창동 678-7 동구릉역 승강장,철도건설과장,실내공기질/실내공기질/다중이용시설,동구릉역 승강장,07월 16일,01월 01일,,,,,,,,,,,,,,,,,,,,,,,,,,,,,,,,,,,17.7,,,,,
399,2792400201-01,,포천시장,대기및악취/지도점검/대 기,2015-07-05,07월 10일,02월 02일,,,,,,,,,,,,,,,1.19,,,,,,,,,,,,,,,,,,,,,,,,,
400,2792400201-02,,포천시장,대기및악취/지도점검/대 기,2015-07-06,07월 10일,02월 02일,,,,,,,,,,,,,,,2,,,,,,,,,,,,,,,,,,,,,,,,,
401,2792400201-03,,포천시장,대기및악취/지도점검/대 기,2015-07-07,07월 11일,02월 02일,,,,,,,,,,,,,,,1.5,,,,,,,,,,,,,,,,,,,,,,,,,
402,2792400202-01,배출구 측정공,양주시장,대기및악취/지도점검/대 기,10-24-033,07월 18일,02월 02일,,,,,,,,,,,,,,,2.1,,,,,,,,,,,,,,,,,,,,,,,,,
403,2792400202-02,배출구 측정공,양주시장,대기및악취/지도점검/대 기,10-24-034,07월 18일,02월 02일,,,,,,,,,,,,,,,0.8,,,,,,,,,,,,,,,,,,,,,,,,,
404,2792400202-03,배출구 측정공,양주시장,대기및악취/지도점검/대 기,10-24-035,07월 22일,02월 02일,,,,,,,,,,,,,,,2.2,,,,,,,,,,,,,,,,,,,,,,,,,
405,2792400202-04,배출구 측정공,양주시장,대기및악취/지도점검/대 기,10-24-036,07월 23일,02월 02일,,,,,,,,,,,,,,,1.9,,,,,,,,,,,,,,,,,,,,,,,,,
406,2792400202-05,배출구 측정공,양주시장,대기및악취/지도점검/대 기,10-24-037,07월 23일,02월 02일,,,,,,,,,,,,,,,2.1,,,,,,,,,,,,,,,,,,,,,,,,,
407,2792400202-06,배출구 측정공,양주시장,대기및악취/지도점검/대 기,10-24-038,07월 23일,02월 02일,,,,,,,,,,,,,,,1.1,,,,,,,,,,,,,,,,,,,,,,,,,
408,2792400203-01,배출구 측정공,남양주시장,대기및악취/지도점검/대 기,8-7(1)-2,07월 19일,02월 02일,,,,,,,,,,,,,,,1.1,,,,,,,,,,,,,,,,,,,,,,,,,
409,2792400203-02,배출구 측정공,남양주시장,대기및악취/지도점검/대 기,8-7(1)-3,07월 19일,02월 02일,,,,,,,,,,,,,,,1.1,,,,,,,,,,,,,,,,,,,,,,,,,
410,2792400204-01,경기 남양주시 천마산로 109-30 (호평동) 수진사 자비원,남양주시장,실내공기질/실내공기질/나,1층 접수대,07월 23일,05월 05일,,,,,,,,,,,,,,,,,,,,,,,,,,,,,,,,,,,,11.3,9.1,747,18.2,527
411,2792400204-02,경기 남양주시 천마산로 109-30 (호평동) 수진사 자비원,남양주시장,실내공기질/실내공기질/나,2층 접수대,07월 23일,05월 05일,,,,,,,,,,,,,,,,,,,,,,,,,,,,,,,,,,,,4.7,3.3,637,25.2,457
412,2792400205-01,경기 남양주시 경춘로1308번길 2 (평내동) 필립요양병원,남양주시장,실내공기질/실내공기질/나,4층 접수대,07월 23일,05월 05일,,,,,,,,,,,,,,,,,,,,,,,,,,,,,,,,,,,,7.3,2.8,593,20.3,214
413,2792400205-02,경기 남양주시 경춘로1308번길 2 (평내동) 필립요양병원,남양주시장,실내공기질/실내공기질/나,7층 접수대,07월 23일,05월 05일,,,,,,,,,,,,,,,,,,,,,,,,,,,,,,,,,,,,10.2,4.9,621,28.3,212
414,2792400206-01,,기후환경관리과장,대기및악취/지도점검/대 기,환경관리5-23,07월 24일,02월 02일,,,,,,,,,,,,,,,2.21,,,,,,,,,,,,,,,,,,,,,,,,,
415,2792400207-01,,기후환경관리과장,대기및악취/지도점검/대 기,환경관리5-24,07월 25일,02월 02일,,,,,,,,,,,,,,,1.07,,,,,,,,,,,,,,,,,,,,,,,,,
416,2792400208-01,경기 동두천시 봉동로 270 (하봉암동) 태호,동두천시장,대기및악취/기본부과금/대 기,태호,07월 25일,01월 01일,,,103.2,,,,,,,,,,,,,,,,,,,,,,,,,,,,,,,,,,,,,
417,2792400209-01,경기 구리시 건원대로34번길 32-29 (인창동),,실내공기질/연구/실내공기질,별내역 집수정,07월 24일,01월 01일,,,,,,,,,,,,,,,,,,,,,,,,,,,,,,,,,,,8393.7,,,,,
418,2792400210-01,경기 남양주시 경춘북로 375 (별내동),,실내공기질/연구/실내공기질,구리역 집수정,07월 24일,01월 01일,,,,,,,,,,,,,,,,,,,,,,,,,,,,,,,,,,,385.4,,,,,
419,2792400210-02,경기 남양주시 경춘북로 375 (별내동),,실내공기질/연구/실내공기질,구리역 환승통로,07월 24일,01월 01일,,,,,,,,,,,,,,,,,,,,,,,,,,,,,,,,,,,6.9,,,,,
420,2792400211-01,경기 연천군 백학면 통구리 1063-8 주식회사 주강금속,기후환경관리과장,대기및악취/지도점검/대 기,주식회사 주강금속,07월 25일,07월 07일,,,,,,,,0.24,0.7,10.7,,,,,8,,,,불검출,,0.032,,,,,,,,,,,,,,,,,,,
421,2792400212-01,배출구 측정공,양주시장,대기및악취/지도점검/대 기,10-24-039,07월 18일,02월 02일,,,,,,,,,,,,,,,3.2,,,,,,,,,,,,,,,,,,,,,,,,,
422,2792400213-01,배출구 측정공,남양주시장,대기및악취/지도점검/대 기,8-7(1)-4,07월 24일,02월 02일,,,,,,,,,,,,,,,1.6,,,,,,,,,,,,,,,,,,,,,,,,,
423,2792400213-02,배출구 측정공,남양주시장,대기및악취/지도점검/대 기,8-7(1)-5,07월 24일,02월 02일,,,,,,,,,,,,,,,0.8,,,,,,,,,,,,,,,,,,,,,,,,,
424,2792400214-01,배출구 측정공,남양주시장,대기및악취/지도점검/대 기,8-7(1)-6,07월 25일,02월 02일,,,,,,,,,,,,,,,1.9,,,,,,,,,,,,,,,,,,,,,,,,,
425,2792400214-02,배출구 측정공,남양주시장,대기및악취/지도점검/대 기,8-7(1)-7,07월 25일,02월 02일,,,,,,,,,,,,,,,15.7,,,,,,,,,,,,,,,,,,,,,,,,,
426,2792400214-03,배출구 측정공,남양주시장,대기및악취/지도점검/대 기,8-7(1)-8,07월 25일,02월 02일,,,,,,,,,,,,,,,2.4,,,,,,,,,,,,,,,,,,,,,,,,,
427,2792400214-04,배출구 측정공,남양주시장,대기및악취/지도점검/대 기,8-7(1)-9,07월 25일,02월 02일,,,,,,,,,,,,,,,3.5,,,,,,,,,,,,,,,,,,,,,,,,,
428,2792400214-05,배출구 측정공,남양주시장,대기및악취/지도점검/대 기,8-7(1)-10,07월 25일,02월 02일,,,,,,,,,,,,,,,1.6,,,,,,,,,,,,,,,,,,,,,,,,,
429,2792400215-01,배출구 측정공,양주시장,대기및악취/지도점검/대 기,10-24-040,07월 26일,02월 02일,,,,,,,,,,,,,,,1.9,,,,,,,,,,,,,,,,,,,,,,,,,
430,2792400216-01,경기 구리시 경춘로 10 (교문동),경기도 철도건설과,실내공기질/실내공기질/기존공동주택,장자호수공원역 집수정,07월 29일,01월 01일,,,,,,,,,,,,,,,,,,,,,,,,,,,,,,,,,,,36.9,,,,,
431,2792400217-01,구리시 인창동 679-8,경기도 철도건설과,실내공기질/실내공기질/기존공동주택,동구릉역 집수정,07월 29일,01월 01일,,,,,,,,,,,,,,,,,,,,,,,,,,,,,,,,,,,253.3,,,,,
432,2792400218-01,남양주시 다산동 5841-2,경기도 철도건설과,실내공기질/실내공기질/기존공동주택,다산역 집수정,07월 29일,01월 01일,,,,,,,,,,,,,,,,,,,,,,,,,,,,,,,,,,,52.4,,,,,
433,2792400220-01,경기 남양주시 별내면 청학로68번길 3 ,남양주시장,실내공기질/실내공기질/가,입구,07월 31일,04월 04일,,,,,,,,,,,,,,,,,,,,,,,,,,,,,,,,,,,,14.4,6.4,1060,49.4,
434,2792400220-02,경기 남양주시 별내면 청학로68번길 3 ,남양주시장,실내공기질/실내공기질/가,내부 음수대,07월 31일,04월 04일,,,,,,,,,,,,,,,,,,,,,,,,,,,,,,,,,,,,14,7.8,1111,54.1,
435,2792400221-01,경기 남양주시 진접읍 봉현로59번길 19 ,남양주시장,실내공기질/실내공기질/나,1층로비,08월 01일,05월 05일,,,,,,,,,,,,,,,,,,,,,,,,,,,,,,,,,,,,14.8,11.3,684,129,361
436,2792400221-02,경기 남양주시 진접읍 봉현로59번길 19 ,남양주시장,실내공기질/실내공기질/나,4층로비,08월 01일,05월 05일,,,,,,,,,,,,,,,,,,,,,,,,,,,,,,,,,,,,18,8.7,778,46.9,257
437,2792400222-01,경기 의정부시 능곡로26번길 49 (신곡동),의정부시장,실내공기질/실내공기질/나,1층로비,07월 31일,05월 05일,,,,,,,,,,,,,,,,,,,,,,,,,,,,,,,,,,,,7.1,3.7,552,42.5,448
438,2792400222-02,경기 의정부시 능곡로26번길 49 (신곡동),의정부시장,실내공기질/실내공기질/나,2층 프로그램실,07월 31일,05월 05일,,,,,,,,,,,,,,,,,,,,,,,,,,,,,,,,,,,,8.1,6,848,56.1,396
439,2792400223-01,,포천시장,대기및악취/지도점검/대 기,2015-07-08,07월 29일,02월 02일,,,,,,,,,,,,,,,1.96,,,,,,,,,,,,,,,,,,,,,,,,,
440,2792400223-02,,포천시장,대기및악취/지도점검/대 기,2015-07-09,07월 30일,02월 02일,,,,,,,,,,,,,,,0.97,,,,,,,,,,,,,,,,,,,,,,,,,
441,2792400223-03,,포천시장,대기및악취/지도점검/대 기,2015-08-01,08월 01일,02월 02일,,,,,,,,,,,,,,,2.79,,,,,,,,,,,,,,,,,,,,,,,,,
442,2792400223-04,,포천시장,대기및악취/지도점검/대 기,2015-08-02,08월 01일,02월 02일,,,,,,,,,,,,,,,11.29,,,,,,,,,,,,,,,,,,,,,,,,,
443,2792400224-01,경기 고양시 일산서구 일중로 59 (일산동) 로하스일산병원,고양시장,실내공기질/실내공기질/나,4층 복도,08월 08일,05월 05일,,,,,,,,,,,,,,,,,,,,,,,,,,,,,,,,,,,,17.8,6.2,671,67,528
444,2792400224-02,경기 고양시 일산서구 일중로 59 (일산동) 로하스일산병원,고양시장,실내공기질/실내공기질/나,8층 복도,08월 08일,05월 05일,,,,,,,,,,,,,,,,,,,,,,,,,,,,,,,,,,,,30.5,15.1,785,24.5,384
445,2792400225-01,경기 고양시 일산서구 원일로 69 (일산동) 일산시티요양원,고양시장,실내공기질/실내공기질/나,정문 앞,08월 08일,05월 05일,,,,,,,,,,,,,,,,,,,,,,,,,,,,,,,,,,,,19.3,17.4,546,40.3,193
446,2792400225-02,경기 고양시 일산서구 원일로 69 (일산동) 일산시티요양원,고양시장,실내공기질/실내공기질/나,특별실,08월 08일,05월 05일,,,,,,,,,,,,,,,,,,,,,,,,,,,,,,,,,,,,13.9,7.6,495,55.7,536
447,2792400226-01,의정부시 문화로 66,의정부시장,실내공기질/실내공기질/신축공동주택,102동 204호,07월 30일,09월 09일,불검출,842.4,,,,,,,,,,,,,,,,,,,,,,,,,47.6,,,,,,,,,,,,97,
448,2792400226-02,의정부시 문화로 66,의정부시장,실내공기질/실내공기질/신축공동주택,103동 205호,07월 30일,09월 09일,불검출,853.9,,,,,,,,,,,,,,,,,,,,,,,,,8.4,,,,,,,,,,,,127.8,
449,2792400226-03,의정부시 문화로 66,의정부시장,실내공기질/실내공기질/신축공동주택,105동 1203호,07월 30일,09월 09일,불검출,753.1,,,,,,,,,,,,,,,,,,,,,,,,,24.6,,,,,,,,,,,,118.7,
450,2792400226-04,의정부시 문화로 66,의정부시장,실내공기질/실내공기질/신축공동주택,105동 1204호,07월 30일,09월 09일,불검출,739.4,,,,,,,,,,,,,,,,,,,,,,,,,14.3,,,,,,,,,,,,118.2,
451,2792400226-05,의정부시 문화로 66,의정부시장,실내공기질/실내공기질/신축공동주택,104동 1301호,07월 30일,09월 09일,불검출,841,,,,,,,,,,,,,,,,,,,,,,,,,32.4,,,,,,,,,,,,192.5,
452,2792400226-06,의정부시 문화로 66,의정부시장,실내공기질/실내공기질/신축공동주택,101동 2101호,07월 30일,09월 09일,불검출,714,,,,,,,,,,,,,,,,,,,,,,,,,불검출,,,,,,,,,,,,112.2,
453,2792400226-07,의정부시 문화로 66,의정부시장,실내공기질/실내공기질/신축공동주택,101동 2102호,07월 30일,09월 09일,불검출,834.5,,,,,,,,,,,,,,,,,,,,,,,,,10.2,,,,,,,,,,,,147.7,
454,2792400227-01,구리시 수택동 878-4,철도건설과장,실내공기질/실내공기질/기존공동주택,장자호수공원역 집수정,08월 05일,01월 01일,,,,,,,,,,,,,,,,,,,,,,,,,,,,,,,,,,,35.1,,,,,
455,2792400227-02,구리시 수택동 437-20,철도건설과장,실내공기질/실내공기질/기존공동주택,S1 환기구 집수정,08월 05일,01월 01일,,,,,,,,,,,,,,,,,,,,,,,,,,,,,,,,,,,48.9,,,,,
456,2792400227-03,구리시 인창동 134-1,철도건설과장,실내공기질/실내공기질/기존공동주택,S3 환기구 집수정,08월 05일,01월 01일,,,,,,,,,,,,,,,,,,,,,,,,,,,,,,,,,,,430,,,,,
457,2792400227-04,구리시 사노동 217-20,철도건설과장,실내공기질/실내공기질/기존공동주택,S4 환기구 집수정,08월 05일,01월 01일,,,,,,,,,,,,,,,,,,,,,,,,,,,,,,,,,,,154.7,,,,,
458,2792400227-05,남양주시 경춘북로 375,철도건설과장,실내공기질/실내공기질/기존공동주택,별내역 집수정,08월 05일,01월 01일,,,,,,,,,,,,,,,,,,,,,,,,,,,,,,,,,,,239.6,,,,,
459,2792400228-01,경기도 고양시 일산서구 덕이동 205번지,고양시장,실내공기질/실내공기질/신축공동주택,101동 203호,08월 06일,09월 09일,불검출,176.6,,,,,,,,,,,,,,,,,,,,,,,,,불검출,,,,,,,,,,,,85.6,
460,2792400228-02,경기도 고양시 일산서구 덕이동 205번지,고양시장,실내공기질/실내공기질/신축공동주택,101동 204호,08월 06일,09월 09일,불검출,60,,,,,,,,,,,,,,,,,,,,,,,,,불검출,,,,,,,,,,,,61.3,
461,2792400228-03,경기도 고양시 일산서구 덕이동 205번지,고양시장,실내공기질/실내공기질/신축공동주택,102동 2201호,08월 06일,09월 09일,불검출,117.8,,,,,,,,,,,,,,,,,,,,,,,,,불검출,,,,,,,,,,,,51.8,
462,2792400228-04,경기도 고양시 일산서구 덕이동 205번지,고양시장,실내공기질/실내공기질/신축공동주택,102동 2202호,08월 06일,09월 09일,불검출,292.4,,,,,,,,,,,,,,,,,,,,,,,,,불검출,,,,,,,,,,,,31.5,
463,2792400228-05,경기도 고양시 일산서구 덕이동 205번지,고양시장,실내공기질/실내공기질/신축공동주택,103동 3203호,08월 06일,09월 09일,불검출,290.8,,,,,,,,,,,,,,,,,,,,,,,,,불검출,,,,,,,,,,,,70.6,
464,2792400228-06,경기도 고양시 일산서구 덕이동 205번지,고양시장,실내공기질/실내공기질/신축공동주택,103동 3204호,08월 06일,09월 09일,불검출,479.4,,,,,,,,,,,,,,,,,,,,,,,,,불검출,,,,,,,,,,,,81.5,
465,2792400229-01,경기도 의정부시 청사로 1,의정부시장,실내공기질/실내공기질/나,본관1층 복도,08월 12일,05월 05일,,,,,,,,,,,,,,,,,,,,,,,,,,,,,,,,,,,,21.4,12.6,717,36.1,525
466,2792400229-02,경기도 의정부시 청사로 1,의정부시장,실내공기질/실내공기질/나,신관유희실,08월 12일,05월 05일,,,,,,,,,,,,,,,,,,,,,,,,,,,,,,,,,,,,10.3,7.1,807,27.2,268
467,2792400230-01,경기도 포천시 송선로 203,포천시장,실내공기질/실내공기질/나,1층 로비,08월 12일,01월 01일,,,,,,,,,,,,,,,,,,,,,,,,,,,,,,,,,,,,,,,,874
468,2792400230-02,경기도 포천시 송선로 203,포천시장,실내공기질/실내공기질/나,3층 강당,08월 12일,01월 01일,,,,,,,,,,,,,,,,,,,,,,,,,,,,,,,,,,,,,,,,315
469,2792400231-01,경기도 의정부시 평화로 704,의정부시장,실내공기질/실내공기질/나,1층로비,08월 12일,01월 01일,,,,,,,,,,,,,,,,,,,,,,,,,,,,,,,,,,,,,,,,367
470,2792400231-02,경기도 의정부시 평화로 704,의정부시장,실내공기질/실내공기질/나,5층로비,08월 12일,01월 01일,,,,,,,,,,,,,,,,,,,,,,,,,,,,,,,,,,,,,,,,275
471,2792400232-01,경기 파주시 조리읍 장곡로 120 대진도장,파주시푸른환경사업본부장,대기및악취/지도점검/대 기,1호기,08월 13일,01월 01일,,,,,,,,,,,,,,,,,,,,,,,3.97,,,,,,,,,,,,,,,,,
472,2792400233-01,경기 파주시 조리읍 은골길 299 뉴텍,파주시푸른환경사업본부장,대기및악취/지도점검/대 기,1호기,08월 13일,01월 01일,,,,,,,,,,,,,,,,,,,,,,,8.89,,,,,,,,,,,,,,,,,
473,2792400234-01,경기 양주시 은현면 용암로 237 (주)성진텍스타일,기후환경관리과장,대기및악취/자체개선/대 기,(주)성진텍스타일,08월 14일,11월 11일,,,77.7,,,,,14.77,1,10.7,,,,0.0054,10.2,불검출,불검출,불검출,0.019,,,,,,,,,,,,,,,,,,,,,
474,2792400235-01,배출구 측정공,남양주시장,대기및악취/지도점검/대 기,8-8(1)-1,08월 12일,02월 02일,,,,,,,,,,,,,,,1.92,,,,,,,,,,,,,,,,,,,,,,,,,
475,2792400236-01,,양주시장,유황/지도점검/B-C유,기-24-01,07월 24일,01월 01일,,,,,,,,,,,,,,,,,,,,,,,,,0.122,,,,,,,,,,,,,,,
476,2792400236-02,,양주시장,유황/지도점검/B-C유,기-24-02,07월 24일,01월 01일,,,,,,,,,,,,,,,,,,,,,,,,,0.218,,,,,,,,,,,,,,,
477,2792400236-03,,양주시장,유황/지도점검/B-C유,기-24-03,07월 24일,01월 01일,,,,,,,,,,,,,,,,,,,,,,,,,0.344,,,,,,,,,,,,,,,
478,2792400236-04,,양주시장,유황/지도점검/B-C유,기-24-04,07월 24일,01월 01일,,,,,,,,,,,,,,,,,,,,,,,,,0.029,,,,,,,,,,,,,,,
479,2792400236-05,,양주시장,유황/지도점검/B-C유,기-24-05,07월 24일,01월 01일,,,,,,,,,,,,,,,,,,,,,,,,,0.166,,,,,,,,,,,,,,,
480,2792400237-01,,양주시장,유황/지도점검/B-C유,기-24-06,07월 25일,01월 01일,,,,,,,,,,,,,,,,,,,,,,,,,불검출,,,,,,,,,,,,,,,
481,2792400238-01,,양주시장,유황/지도점검/B-C유,기-24-07,08월 06일,01월 01일,,,,,,,,,,,,,,,,,,,,,,,,,0.25,,,,,,,,,,,,,,,
482,2792400239-01,,기후환경관리과장,유황/지도점검/기타,2-5-8-1,08월 13일,01월 01일,,,,,,,,,,,,,,,,,,,,,,,,,불검출,,,,,,,,,,,,,,,
483,2792400240-01,경기 파주시 광탄면 보광로 601-19 배출시설 측정공,파주시푸른환경사업본부장,대기및악취/지도점검/대 기,(주)명성산업,08월 22일,01월 01일,,,,,,,,,,,,,,,,,,,,,,,36.13,,,,,,,,,,,,,,,,,
484,2792400242-01,경기 의정부시 청사로 1 경기도청북부청사어린이집,경기도북부청사,실내공기질/실내공기질/나,본관 1층 복도,08월 12일,05월 05일,,,,,,,,,,,,,,,,,,,,,,,,,,,,,,,,,,,,21.4,12.6,717,36.1,525
485,2792400242-02,경기 의정부시 청사로 1 경기도청북부청사어린이집,경기도북부청사,실내공기질/실내공기질/나,신관 유희실,08월 12일,05월 05일,,,,,,,,,,,,,,,,,,,,,,,,,,,,,,,,,,,,10.3,7.1,807,27.2,268
486,2792400243-01,경기 남양주시 진접읍 봉현로 21 ,남양주시장,실내공기질/실내공기질/나,1층 응급실(음압격리실),08월 20일,05월 05일,,,,,,,,,,,,,,,,,,,,,,,,,,,,,,,,,,,,,,725,,
487,2792400243-02,경기 남양주시 진접읍 봉현로 21 ,남양주시장,실내공기질/실내공기질/나,3층 320호 앞 복도,08월 20일,05월 05일,,,,,,,,,,,,,,,,,,,,,,,,,,,,,,,,,,,,,,800,,
488,2792400243-03,경기 남양주시 진접읍 봉현로 21 ,남양주시장,실내공기질/실내공기질/나,5층 간호사실 앞 복도,08월 20일,05월 05일,,,,,,,,,,,,,,,,,,,,,,,,,,,,,,,,,,,,,,890,,
489,2792400244-01,경기 고양시 일산동구 장진천길166번길 113-13 (설문동) 드림요양원,고양시장,실내공기질/실내공기질/나,지하1층 로비,08월 27일,05월 05일,,,,,,,,,,,,,,,,,,,,,,,,,,,,,,,,,,,,,,577,,
490,2792400244-02,경기 고양시 일산동구 장진천길166번길 113-13 (설문동) 드림요양원,고양시장,실내공기질/실내공기질/나,4층 413호,08월 27일,05월 05일,,,,,,,,,,,,,,,,,,,,,,,,,,,,,,,,,,,,,,596,,
491,2792400245-01,경기 고양시 일산동구 장진천길166번길 113-17 (설문동) 더지극정성요양원,고양시장,실내공기질/실내공기질/나,2층 로비,08월 27일,05월 05일,,,,,,,,,,,,,,,,,,,,,,,,,,,,,,,,,,,,,,610,,
492,2792400245-02,경기 고양시 일산동구 장진천길166번길 113-17 (설문동) 더지극정성요양원,고양시장,실내공기질/실내공기질/나,3층 로비,08월 27일,05월 05일,,,,,,,,,,,,,,,,,,,,,,,,,,,,,,,,,,,,,,876,,
493,2792400247-01,배출구 측정공,남양주시장,대기및악취/지도점검/대 기,8-8(1)-5,08월 20일,02월 02일,,,,,,,,,,,,,,,2.1,,,,,,,,,,,,,,,,,,,,,,,,,
494,4792400001-01,경기 양주시 남면 개나리18길 1 ,북부지원장,실내공기질/실내공기질/기타,남문중학교 통학차량,05월 28일,02월 02일,,,,,,,,,,,,,,,,,,,,,,,,,,,,,,,,,,,,,,1024,,
495,4792400002-01,경기 양주시 옥정서로5길 121 (옥정동),북부지원장,실내공기질/실내공기질/기타,양주도담학교 통학차량,05월 29일,02월 02일,,,,,,,,,,,,,,,,,,,,,,,,,,,,,,,,,,,,,,985,,
496,4792400003-01,경기 양주시 부흥로 1373-7 (유양동),북부지원장,실내공기질/실내공기질/기타,유양초등학교 통학차량,05월 30일,02월 02일,,,,,,,,,,,,,,,,,,,,,,,,,,,,,,,,,,,,,,608,,
497,4792400004-01,경기 파주시 문산읍 마정로124번길 13 ,북부지원장,실내공기질/실내공기질/기타,마정초등학교 통학차량,06월 03일,02월 02일,,,,,,,,,,,,,,,,,,,,,,,,,,,,,,,,,,,,,,1010,,
498,4792400005-01,경기 파주시 법원읍 술이홀로1333번길 69 ,북부지원장,실내공기질/실내공기질/기타,새얼학교 통학차량,06월 04일,02월 02일,,,,,,,,,,,,,,,,,,,,,,,,,,,,,,,,,,,,,,1036,,
499,4792400006-01,경기 양주시 옥정동로 240 (옥정동),북부지원장,실내공기질/실내공기질/기타,양주유치원 통학차량,06월 05일,02월 02일,,,,,,,,,,,,,,,,,,,,,,,,,,,,,,,,,,,,,,872,,
500,4792400008-01,경기 포천시 중앙로 87 (신읍동),,실내공기질/실내공기질/다중이용시설2,정문 앞,06월 24일,04월 04일,,,,,,,,,,,,,,,,,,,,,,,,,,,,,,,,,,,,43.6,20.7,826,35,
501,4792400008-02,경기 포천시 중앙로 87 (신읍동),,실내공기질/실내공기질/다중이용시설2,스마트도서관 앞,06월 24일,04월 04일,,,,,,,,,,,,,,,,,,,,,,,,,,,,,,,,,,,,34.4,18.9,627,31.7,
502,4792400009-01,경기 가평군 가평읍 석봉로 181 ,,실내공기질/실내공기질/다중이용시설2,정문 옆,06월 24일,04월 04일,,,,,,,,,,,,,,,,,,,,,,,,,,,,,,,,,,,,34.8,22.5,851,38.6,
503,4792400009-02,경기 가평군 가평읍 석봉로 181 ,,실내공기질/실내공기질/다중이용시설2,우측문 부근,06월 24일,04월 04일,,,,,,,,,,,,,,,,,,,,,,,,,,,,,,,,,,,,19.3,17.9,756,38.6,
504,4792400010-01,경기 구리시 아차산로 439 (교문동),,실내공기질/실내공기질/다중이용시설2,위생안전과 앞,06월 25일,04월 04일,,,,,,,,,,,,,,,,,,,,,,,,,,,,,,,,,,,,15.5,5.8,818,34.6,
505,4792400010-02,경기 구리시 아차산로 439 (교문동),,실내공기질/실내공기질/다중이용시설2,건강체크존 앞,06월 25일,04월 04일,,,,,,,,,,,,,,,,,,,,,,,,,,,,,,,,,,,,12.8,7.8,873,39.2,
506,4792400011-01,경기 남양주시 경춘로 1037 (금곡동),,실내공기질/실내공기질/다중이용시설2,1번 창구,06월 25일,04월 04일,,,,,,,,,,,,,,,,,,,,,,,,,,,,,,,,,,,,7.8,4,1167,34.4,
507,4792400011-02,경기 남양주시 경춘로 1037 (금곡동),,실내공기질/실내공기질/다중이용시설2,12번 창구,06월 25일,04월 04일,,,,,,,,,,,,,,,,,,,,,,,,,,,,,,,,,,,,7.5,7.6,1251,36.6,
508,4792400012-01,경기 연천군 연천읍 연천로 220 ,,실내공기질/실내공기질/다중이용시설2,지적조사팀 앞,06월 26일,04월 04일,,,,,,,,,,,,,,,,,,,,,,,,,,,,,,,,,,,,15.9,11.5,735,50.8,
509,4792400012-02,경기 연천군 연천읍 연천로 220 ,,실내공기질/실내공기질/다중이용시설2,허가민원창구 앞,06월 26일,04월 04일,,,,,,,,,,,,,,,,,,,,,,,,,,,,,,,,,,,,12.8,12.3,907,40.2,
510,4792400013-01,경기 동두천시 방죽로 23 (생연동),,실내공기질/실내공기질/다중이용시설2,18번 창구 옆,06월 26일,04월 04일,,,,,,,,,,,,,,,,,,,,,,,,,,,,,,,,,,,,14,8.1,848,38.2,
511,4792400013-02,경기 동두천시 방죽로 23 (생연동),,실내공기질/실내공기질/다중이용시설2,도서대 좌측,06월 26일,04월 04일,,,,,,,,,,,,,,,,,,,,,,,,,,,,,,,,,,,,14.1,11,921,48,
512,4792400014-01,경기 의정부시 시민로 1 (의정부동),,실내공기질/실내공기질/다중이용시설2,민원창구실,06월 27일,04월 04일,,,,,,,,,,,,,,,,,,,,,,,,,,,,,,,,,,,,27.3,10.1,827,39.5,
513,4792400014-02,경기 의정부시 시민로 1 (의정부동),,실내공기질/실내공기질/다중이용시설2,여권창구실,06월 27일,04월 04일,,,,,,,,,,,,,,,,,,,,,,,,,,,,,,,,,,,,30.6,24.2,730,50.1,
514,4792400015-01,경기 양주시 부흥로 1533 (남방동),,실내공기질/실내공기질/다중이용시설2,민원과,06월 27일,04월 04일,,,,,,,,,,,,,,,,,,,,,,,,,,,,,,,,,,,,24.4,14.7,861,35.4,
515,4792400015-02,경기 양주시 부흥로 1533 (남방동),,실내공기질/실내공기질/다중이용시설2,토지관리과,06월 27일,04월 04일,,,,,,,,,,,,,,,,,,,,,,,,,,,,,,,,,,,,32.2,21.1,763,35.2,
516,4792400016-01,경기 고양시 덕양구 고양시청로 10 (주교동),,실내공기질/실내공기질/다중이용시설2,5번 창구,07월 01일,04월 04일,,,,,,,,,,,,,,,,,,,,,,,,,,,,,,,,,,,,17.6,9.6,842,72.2,
517,4792400016-02,경기 고양시 덕양구 고양시청로 10 (주교동),,실내공기질/실내공기질/다중이용시설2,농협 앞,07월 01일,04월 04일,,,,,,,,,,,,,,,,,,,,,,,,,,,,,,,,,,,,18.4,10.1,710,66.7,
518,4792400017-01,경기 파주시 시청로 50 (아동동),,실내공기질/실내공기질/다중이용시설2,북카페,07월 01일,04월 04일,,,,,,,,,,,,,,,,,,,,,,,,,,,,,,,,,,,,22.4,22.3,1421,67,
519,4792400017-02,경기 파주시 시청로 50 (아동동),,실내공기질/실내공기질/다중이용시설2,20번 창구,07월 01일,04월 04일,,,,,,,,,,,,,,,,,,,,,,,,,,,,,,,,,,,,14.9,14.5,1083,49.1,
520,4792400018-01,경기 포천시 영중면 가영로 429-24 (주) 자연지기,북부지원장,대기및악취/지도점검/대 기,(주)자연지기,08월 07일,01월 01일,,,,1.9,,,,,,,,,,,,,,,,,,,,,,,,,,,,,,,,,,,,
521,4792400018-02,경기 포천시 창수면 가영로 352 포천 축협 산업협동조합,북부지원장,대기및악취/지도점검/대 기,포천 축협 산업협동조합,08월 07일,01월 01일,,,,573.4,,,,,,,,,,,,,,,,,,,,,,,,,,,,,,,,,,,,
